From: Smith-Martin et al. (2019) Effects of dry-season irrigation on leaf physiology and biomass allocation in tropical lianas and trees. Ecology 100:e02827,,,,,,,,,,
These data are summaries of data available online with the article:,,,,,,,,,,
mean_MPa is pre-dawn leaf water potential; it is the mean from replicate trees in replicate plots which were not watered.,,,,,,,,,,
Photo.umolCO2 is CO2 flux into a leaf; it is a  measure of photosynthetic rate,,,,,,,,,,
,,,,,,,,,,
Plot,Tag,Season,Month,Treatment,Habit,Species,PredawnMPa,MiddayMPa,MiddayMinusPredawnMPa,Photo.umolCO2
1,50,dry,Apr,unwatered,liana,Davillakunthii,-1.364,-2.001,-0.637,NA
1,100,dry,Apr,unwatered,liana,Davillakunthii,-1.521,-3.284,-1.763,NA
1,1,dry,Apr,unwatered,liana,Doliocarpusmajor,-1.693,-4.862,-3.169,NA
1,7,dry,Apr,unwatered,liana,Doliocarpusmajor,-1.661,-4.942,-3.281,NA
1,60,dry,Apr,unwatered,liana,Machaeriummilleflorum,-0.605,-1.677,-1.072,NA
1,22,dry,Apr,unwatered,liana,Machaeriummilleflorum,-0.792,-2.045,-1.253,NA
1,25,dry,Apr,unwatered,liana,Maripapanamensis,-0.849,-1.391,-0.542,NA
1,82,dry,Apr,unwatered,liana,Maripapanamensis,-0.769,-1.869,-1.1,NA
1,4,dry,Apr,unwatered,liana,Paulliniapinnata,-0.72,-2.264,-1.544,NA
1,95,dry,Apr,unwatered,liana,Paulliniapinnata,-0.994,-1.741,-0.747,NA
1,75,dry,Apr,unwatered,tree,Dipteryxoleifera,-1.001,-3.638,-2.637,NA
1,92,dry,Apr,unwatered,tree,Dipteryxoleifera,-0.595,-2.342,-1.747,NA
1,18,dry,Apr,unwatered,tree,Swieteniamacrophylla,-3.55,-3.562,-0.012,NA
1,6,dry,Apr,unwatered,tree,Terminaliaamazonia,-0.681,-2.267,-1.586,NA
1,61,dry,Apr,unwatered,tree,Terminaliaamazonia,-1.005,-1.975,-0.97,NA
1,50,dry,Mar,unwatered,liana,Davillakunthii,-0.403,-2.213,-1.81,NA
1,100,dry,Mar,unwatered,liana,Davillakunthii,-0.528,-2.34,-1.812,NA
1,1,dry,Mar,unwatered,liana,Doliocarpusmajor,-2.59,-3.007,-0.417,NA
1,7,dry,Mar,unwatered,liana,Doliocarpusmajor,-2.687,-4.452,-1.765,NA
1,22,dry,Mar,unwatered,liana,Machaeriummilleflorum,-0.182,-1.917,-1.735,NA
1,60,dry,Mar,unwatered,liana,Machaeriummilleflorum,-0.702,-2.384,-1.682,NA
1,25,dry,Mar,unwatered,liana,Maripapanamensis,-0.755,-1.595,-0.84,NA
1,82,dry,Mar,unwatered,liana,Maripapanamensis,-0.461,-1.8,-1.339,NA
1,4,dry,Mar,unwatered,liana,Paulliniapinnata,-0.286,-2.363,-2.077,NA
1,95,dry,Mar,unwatered,liana,Paulliniapinnata,-0.401,-1.601,-1.2,NA
1,75,dry,Mar,unwatered,tree,Dipteryxoleifera,-2.345,-3.283,-0.938,NA
1,92,dry,Mar,unwatered,tree,Dipteryxoleifera,-3.2,-4.207,-1.007,NA
1,18,dry,Mar,unwatered,tree,Swieteniamacrophylla,-1.942,-2.839,-0.897,NA
1,6,dry,Mar,unwatered,tree,Terminaliaamazonia,-0.702,-1.827,-1.125,NA
1,61,dry,Mar,unwatered,tree,Terminaliaamazonia,-0.966,-1.369,-0.403,NA
1,50,transition,May,unwatered,liana,Davillakunthii,-0.341,-0.984,-0.643,NA
1,100,transition,May,unwatered,liana,Davillakunthii,-0.212,-1.533,-1.321,NA
1,1,transition,May,unwatered,liana,Doliocarpusmajor,-0.464,-1.163,-0.699,NA
1,7,transition,May,unwatered,liana,Doliocarpusmajor,-0.485,-1.108,-0.623,NA
1,22,transition,May,unwatered,liana,Machaeriummilleflorum,-0.345,-1.049,-0.704,NA
1,60,transition,May,unwatered,liana,Machaeriummilleflorum,-0.262,-0.873,-0.611,NA
1,25,transition,May,unwatered,liana,Maripapanamensis,-0.455,-1.042,-0.587,NA
1,82,transition,May,unwatered,liana,Maripapanamensis,-0.467,-1.307,-0.84,NA
1,4,transition,May,unwatered,liana,Paulliniapinnata,-0.521,-1.564,-1.043,NA
1,95,transition,May,unwatered,liana,Paulliniapinnata,-0.45,-1.991,-1.541,NA
1,75,transition,May,unwatered,tree,Dipteryxoleifera,-0.218,-1.301,-1.083,NA
1,92,transition,May,unwatered,tree,Dipteryxoleifera,-0.258,-1.606,-1.348,NA
1,18,transition,May,unwatered,tree,Swieteniamacrophylla,-0.544,-1.205,-0.661,NA
1,6,transition,May,unwatered,tree,Terminaliaamazonia,-0.053,-0.719,-0.666,NA
1,61,transition,May,unwatered,tree,Terminaliaamazonia,-0.246,-0.582,-0.336,NA
1,23,wet,Oct,unwatered,liana,Callichlamyslatifolia,-0.257,-0.813,-0.556,11.4
1,50,wet,Oct,unwatered,liana,Davillakunthii,-0.098,-0.853,-0.755,17.7
1,7,wet,Oct,unwatered,liana,Doliocarpusmajor,-0.082,-0.366,-0.284,12.9
1,60,wet,Oct,unwatered,liana,Machaeriummilleflorum,-0.085,-0.397,-0.312,7.38
1,82,wet,Oct,unwatered,liana,Maripapanamensis,-0.178,-0.792,-0.614,13.3
1,4,wet,Oct,unwatered,liana,Paulliniapinnata,-0.061,-0.851,-0.79,15.5
1,44,wet,Oct,unwatered,tree,Crescentiacujete,-0.232,-0.81,-0.578,10.5
1,83,wet,Oct,unwatered,tree,Crescentiacujete,-0.262,-0.762,-0.5,5.36
1,75,wet,Oct,unwatered,tree,Dipteryxoleifera,-0.075,-0.59,-0.515,8.94
1,41,wet,Oct,unwatered,tree,Huracrepitans,-0.238,-0.405,-0.167,14.4
1,14,wet,Oct,unwatered,tree,Swieteniamacrophylla,-0.15,-1.098,-0.948,14.8
1,6,wet,Oct,unwatered,tree,Terminaliaamazonia,-0.042,-0.341,-0.299,12.9
1,50,wet,Sep,unwatered,liana,Davillakunthii,-0.058,-0.943,-0.885,NA
1,100,wet,Sep,unwatered,liana,Davillakunthii,-0.022,-1.062,-1.04,NA
1,1,wet,Sep,unwatered,liana,Doliocarpusmajor,-0.142,-0.732,-0.59,NA
1,7,wet,Sep,unwatered,liana,Doliocarpusmajor,-0.16,-0.629,-0.469,NA
1,22,wet,Sep,unwatered,liana,Machaeriummilleflorum,-0.169,-1.401,-1.232,NA
1,60,wet,Sep,unwatered,liana,Machaeriummilleflorum,-0.214,-1.301,-1.087,NA
1,25,wet,Sep,unwatered,liana,Maripapanamensis,-0.091,-0.899,-0.808,NA
1,82,wet,Sep,unwatered,liana,Maripapanamensis,-0.182,-1.008,-0.826,NA
1,4,wet,Sep,unwatered,liana,Paulliniapinnata,-0.17,-1.004,-0.834,NA
1,95,wet,Sep,unwatered,liana,Paulliniapinnata,-0.122,-1.213,-1.091,NA
1,75,wet,Sep,unwatered,tree,Dipteryxoleifera,-0.183,-1.262,-1.079,NA
1,92,wet,Sep,unwatered,tree,Dipteryxoleifera,-0.257,-1.13,-0.873,NA
1,18,wet,Sep,unwatered,tree,Swieteniamacrophylla,-0.335,-0.573,-0.238,NA
1,6,wet,Sep,unwatered,tree,Terminaliaamazonia,-0.041,-0.617,-0.576,NA
1,61,wet,Sep,unwatered,tree,Terminaliaamazonia,-0.139,-0.821,-0.682,NA
2,145,dry,Apr,watered,liana,Callichlamyslatifolia,-0.571,-1.191,-0.62,NA
2,128,dry,Apr,watered,liana,Davillakunthii,-0.512,-2.427,-1.915,NA
2,175,dry,Apr,watered,liana,Davillakunthii,-0.254,-1.017,-0.763,NA
2,122,dry,Apr,watered,liana,Doliocarpusmajor,-0.601,-1.612,-1.011,NA
2,192,dry,Apr,watered,liana,Doliocarpusmajor,-0.386,-0.784,-0.398,NA
2,141,dry,Apr,watered,liana,Machaeriummilleflorum,-0.661,-1.873,-1.212,NA
2,168,dry,Apr,watered,liana,Machaeriummilleflorum,-0.485,-0.692,-0.207,NA
2,133,dry,Apr,watered,liana,Maripapanamensis,-0.625,-1.442,-0.817,NA
2,146,dry,Apr,watered,liana,Maripapanamensis,-0.623,-1.482,-0.859,NA
2,123,dry,Apr,watered,liana,Paulliniapinnata,-0.531,-1.302,-0.771,NA
2,194,dry,Apr,watered,liana,Paulliniapinnata,-0.637,-2.292,-1.655,NA
2,105,dry,Apr,watered,tree,Crescentiacujete,-0.783,-1.468,-0.685,NA
2,181,dry,Apr,watered,tree,Crescentiacujete,-1.07,-1.69,-0.62,NA
2,169,dry,Apr,watered,tree,Dipteryxoleifera,-1.027,-1.652,-0.625,NA
2,179,dry,Apr,watered,tree,Dipteryxoleifera,-1.203,-1.256,-0.053,NA
2,152,dry,Apr,watered,tree,Hieronymaalchorneoides,-0.532,-1.083,-0.551,NA
2,193,dry,Apr,watered,tree,Hieronymaalchorneoides,-0.641,-1.561,-0.92,NA
2,172,dry,Apr,watered,tree,Huracrepitans,-1.433,-1.502,-0.069,NA
2,198,dry,Apr,watered,tree,Huracrepitans,-0.834,-0.943,-0.109,NA
2,131,dry,Apr,watered,tree,Swieteniamacrophylla,-1.052,-2.131,-1.079,NA
2,142,dry,Apr,watered,tree,Swieteniamacrophylla,-0.233,-1.802,-1.569,NA
2,159,dry,Apr,watered,tree,Terminaliaamazonia,-0.144,-0.693,-0.549,NA
2,199,dry,Apr,watered,tree,Terminaliaamazonia,-0.39,-1.472,-1.082,NA
2,145,dry,Mar,watered,liana,Callichlamyslatifolia,-0.641,-1.291,-0.65,NA
2,128,dry,Mar,watered,liana,Davillakunthii,-0.269,-1.643,-1.374,NA
2,175,dry,Mar,watered,liana,Davillakunthii,-0.432,-1.874,-1.442,NA
2,122,dry,Mar,watered,liana,Doliocarpusmajor,-1.871,-2.503,-0.632,NA
2,192,dry,Mar,watered,liana,Doliocarpusmajor,-0.577,-2.098,-1.521,NA
2,141,dry,Mar,watered,liana,Machaeriummilleflorum,-0.645,-2.186,-1.541,NA
2,168,dry,Mar,watered,liana,Machaeriummilleflorum,-0.561,-1.901,-1.34,NA
2,133,dry,Mar,watered,liana,Maripapanamensis,-0.357,-1.475,-1.118,NA
2,146,dry,Mar,watered,liana,Maripapanamensis,-0.948,-1.502,-0.554,NA
2,123,dry,Mar,watered,liana,Paulliniapinnata,-0.349,-0.826,-0.477,NA
2,194,dry,Mar,watered,liana,Paulliniapinnata,-0.515,-2.278,-1.763,NA
2,105,dry,Mar,watered,tree,Crescentiacujete,-0.956,-1.703,-0.747,NA
2,181,dry,Mar,watered,tree,Crescentiacujete,-1.372,-1.921,-0.549,NA
2,169,dry,Mar,watered,tree,Dipteryxoleifera,-1.074,-3.514,-2.44,NA
2,152,dry,Mar,watered,tree,Hieronymaalchorneoides,-1.972,-1.981,-0.009,NA
2,193,dry,Mar,watered,tree,Hieronymaalchorneoides,-1.901,-2.379,-0.478,NA
2,172,dry,Mar,watered,tree,Huracrepitans,-0.736,-0.992,-0.256,NA
2,198,dry,Mar,watered,tree,Huracrepitans,-0.895,-1.058,-0.163,NA
2,131,dry,Mar,watered,tree,Swieteniamacrophylla,-0.51,-2.681,-2.171,NA
2,142,dry,Mar,watered,tree,Swieteniamacrophylla,-2.275,-2.349,-0.074,NA
2,159,dry,Mar,watered,tree,Terminaliaamazonia,-0.952,-1.953,-1.001,NA
2,199,dry,Mar,watered,tree,Terminaliaamazonia,-0.158,-1.517,-1.359,NA
2,145,transition,May,watered,liana,Callichlamyslatifolia,-0.483,-1.487,-1.004,NA
2,128,transition,May,watered,liana,Davillakunthii,-0.392,-1.08,-0.688,NA
2,175,transition,May,watered,liana,Davillakunthii,-0.082,-0.816,-0.734,NA
2,122,transition,May,watered,liana,Doliocarpusmajor,-0.541,-1.312,-0.771,NA
2,192,transition,May,watered,liana,Doliocarpusmajor,-0.261,-1.227,-0.966,NA
2,141,transition,May,watered,liana,Machaeriummilleflorum,-0.66,-1.692,-1.032,NA
2,168,transition,May,watered,liana,Machaeriummilleflorum,-0.218,-1.24,-1.022,NA
2,133,transition,May,watered,liana,Maripapanamensis,-0.849,-1.291,-0.442,NA
2,146,transition,May,watered,liana,Maripapanamensis,-0.649,-1.138,-0.489,NA
2,123,transition,May,watered,liana,Paulliniapinnata,-0.511,-1.48,-0.969,NA
2,194,transition,May,watered,liana,Paulliniapinnata,-0.563,-1.715,-1.152,NA
2,105,transition,May,watered,tree,Crescentiacujete,-0.47,-1.092,-0.622,NA
2,181,transition,May,watered,tree,Crescentiacujete,-0.4,-1.111,-0.711,NA
2,169,transition,May,watered,tree,Dipteryxoleifera,-0.732,-1.112,-0.38,NA
2,179,transition,May,watered,tree,Dipteryxoleifera,-0.382,-1.432,-1.05,NA
2,152,transition,May,watered,tree,Hieronymaalchorneoides,-0.307,-0.931,-0.624,NA
2,193,transition,May,watered,tree,Hieronymaalchorneoides,-0.476,-0.926,-0.45,NA
2,172,transition,May,watered,tree,Huracrepitans,-0.368,-0.574,-0.206,NA
2,198,transition,May,watered,tree,Huracrepitans,-0.611,-1.621,-1.01,NA
2,131,transition,May,watered,tree,Swieteniamacrophylla,-0.46,-1.087,-0.627,NA
2,142,transition,May,watered,tree,Swieteniamacrophylla,-0.722,-1.835,-1.113,NA
2,159,transition,May,watered,tree,Terminaliaamazonia,-0.544,-0.811,-0.267,NA
2,199,transition,May,watered,tree,Terminaliaamazonia,-0.453,-1.145,-0.692,NA
2,189,wet,Oct,watered,liana,Callichlamyslatifolia,-0.151,-0.87,-0.719,11.2
2,175,wet,Oct,watered,liana,Davillakunthii,-0.076,-0.883,-0.807,14.9
2,192,wet,Oct,watered,liana,Doliocarpusmajor,-0.18,-1.337,-1.157,10.7
2,141,wet,Oct,watered,liana,Machaeriummilleflorum,-0.302,-0.878,-0.576,9.11
2,133,wet,Oct,watered,liana,Maripapanamensis,-0.189,-1.379,-1.19,14
2,123,wet,Oct,watered,liana,Paulliniapinnata,-0.179,-1.018,-0.839,13.5
2,181,wet,Oct,watered,tree,Crescentiacujete,-0.167,-1.359,-1.192,12.7
2,169,wet,Oct,watered,tree,Dipteryxoleifera,-0.182,-0.702,-0.52,2.65
2,152,wet,Oct,watered,tree,Hieronymaalchorneoides,-0.066,-0.78,-0.714,7.59
2,152,wet,Oct,watered,tree,Hieronymaalchorneoides,-0.066,-0.78,-0.714,7.59
2,172,wet,Oct,watered,tree,Huracrepitans,-0.39,-0.459,-0.069,8.09
2,142,wet,Oct,watered,tree,Swieteniamacrophylla,-0.213,-0.702,-0.489,10.7
2,199,wet,Oct,watered,tree,Terminaliaamazonia,-0.179,-1.637,-1.458,17
2,145,wet,Sep,watered,liana,Callichlamyslatifolia,-0.289,-1.582,-1.293,NA
2,128,wet,Sep,watered,liana,Davillakunthii,-0.079,-1.349,-1.27,NA
2,175,wet,Sep,watered,liana,Davillakunthii,-0.233,-1.188,-0.955,NA
2,122,wet,Sep,watered,liana,Doliocarpusmajor,-0.172,-1.379,-1.207,NA
2,192,wet,Sep,watered,liana,Doliocarpusmajor,-0.115,-1.729,-1.614,NA
2,141,wet,Sep,watered,liana,Machaeriummilleflorum,-0.352,-1.021,-0.669,NA
2,168,wet,Sep,watered,liana,Machaeriummilleflorum,-0.601,-1.639,-1.038,NA
2,133,wet,Sep,watered,liana,Maripapanamensis,-0.052,-0.831,-0.779,NA
2,146,wet,Sep,watered,liana,Maripapanamensis,-0.26,-0.889,-0.629,NA
2,123,wet,Sep,watered,liana,Paulliniapinnata,-0.487,-1.877,-1.39,NA
2,194,wet,Sep,watered,liana,Paulliniapinnata,-0.694,-1.977,-1.283,NA
2,105,wet,Sep,watered,tree,Crescentiacujete,-0.728,-1.502,-0.774,NA
2,181,wet,Sep,watered,tree,Crescentiacujete,-0.434,-1.239,-0.805,NA
2,169,wet,Sep,watered,tree,Dipteryxoleifera,-0.032,-1.682,-1.65,NA
2,179,wet,Sep,watered,tree,Dipteryxoleifera,-0.772,-1.903,-1.131,NA
2,152,wet,Sep,watered,tree,Hieronymaalchorneoides,-0.361,-0.813,-0.452,NA
2,193,wet,Sep,watered,tree,Hieronymaalchorneoides,-0.167,-1.112,-0.945,NA
2,172,wet,Sep,watered,tree,Huracrepitans,-0.17,-0.428,-0.258,NA
2,198,wet,Sep,watered,tree,Huracrepitans,-0.107,-0.802,-0.695,NA
2,131,wet,Sep,watered,tree,Swieteniamacrophylla,-0.271,-2.269,-1.998,NA
2,142,wet,Sep,watered,tree,Swieteniamacrophylla,-0.627,-0.629,-0.002,NA
2,159,wet,Sep,watered,tree,Terminaliaamazonia,-0.158,-0.456,-0.298,NA
2,199,wet,Sep,watered,tree,Terminaliaamazonia,-0.513,-1.679,-1.166,NA
3,204,dry,Apr,watered,liana,Callichlamyslatifolia,-0.904,-1.243,-0.339,NA
3,260,dry,Apr,watered,liana,Davillakunthii,-0.227,-1.821,-1.594,NA
3,284,dry,Apr,watered,liana,Davillakunthii,-0.355,-1.012,-0.657,NA
3,234,dry,Apr,watered,liana,Doliocarpusmajor,-0.36,-1.35,-0.99,NA
3,205,dry,Apr,watered,liana,Machaeriummilleflorum,-0.825,-2.123,-1.298,NA
3,297,dry,Apr,watered,liana,Machaeriummilleflorum,-0.532,-0.904,-0.372,NA
3,231,dry,Apr,watered,liana,Maripapanamensis,-0.985,-1.537,-0.552,NA
3,286,dry,Apr,watered,liana,Maripapanamensis,-0.67,-1.39,-0.72,NA
3,266,dry,Apr,watered,tree,Dipteryxoleifera,-1.27,-1.347,-0.077,NA
3,269,dry,Apr,watered,tree,Hieronymaalchorneoides,-0.685,-1.12,-0.435,NA
3,288,dry,Apr,watered,tree,Hieronymaalchorneoides,-0.783,-1.377,-0.594,NA
3,202,dry,Apr,watered,tree,Huracrepitans,-0.917,-0.925,-0.008,NA
3,281,dry,Apr,watered,tree,Swieteniamacrophylla,-0.825,-1.942,-1.117,NA
3,221,dry,Apr,watered,tree,Terminaliaamazonia,-0.925,-1.852,-0.927,NA
3,236,dry,Apr,watered,tree,Terminaliaamazonia,-0.551,-0.565,-0.014,NA
3,204,dry,Mar,watered,liana,Callichlamyslatifolia,-0.825,-1.437,-0.612,NA
3,204,dry,Mar,watered,liana,Callichlamyslatifolia,-0.613,-1.181,-0.568,4.63
3,260,dry,Mar,watered,liana,Davillakunthii,-0.82,-1.902,-1.082,NA
3,284,dry,Mar,watered,liana,Davillakunthii,-0.787,-2.402,-1.615,NA
3,260,dry,Mar,watered,liana,Davillakunthii,-0.423,-2.139,-1.716,3.94
3,234,dry,Mar,watered,liana,Doliocarpusmajor,-1.167,-1.956,-0.789,NA
3,234,dry,Mar,watered,liana,Doliocarpusmajor,-0.537,-2.967,-2.43,2.87
3,205,dry,Mar,watered,liana,Machaeriummilleflorum,-0.256,-1.887,-1.631,NA
3,297,dry,Mar,watered,liana,Machaeriummilleflorum,-0.662,-0.691,-0.029,NA
3,205,dry,Mar,watered,liana,Machaeriummilleflorum,-0.354,-2.226,-1.872,11.2
3,231,dry,Mar,watered,liana,Maripapanamensis,-0.542,-1.859,-1.317,NA
3,286,dry,Mar,watered,liana,Maripapanamensis,-0.501,-1.785,-1.284,NA
3,231,dry,Mar,watered,liana,Maripapanamensis,-0.981,-1.742,-0.761,3.48
3,268,dry,Mar,watered,liana,Paulliniapinnata,-0.915,-4.266,-3.351,6.6
3,222,dry,Mar,watered,tree,Crescentiacujete,-1.367,-2.261,-0.894,1.44
3,266,dry,Mar,watered,tree,Dipteryxoleifera,-0.69,-1.858,-1.168,NA
3,266,dry,Mar,watered,tree,Dipteryxoleifera,-0.533,-2.468,-1.935,11.6
3,269,dry,Mar,watered,tree,Hieronymaalchorneoides,-0.903,-1.404,-0.501,NA
3,288,dry,Mar,watered,tree,Hieronymaalchorneoides,-2.246,-2.799,-0.553,NA
3,288,dry,Mar,watered,tree,Hieronymaalchorneoides,-0.881,-0.879,0.002,0.41
3,202,dry,Mar,watered,tree,Huracrepitans,-0.499,-0.716,-0.217,NA
3,202,dry,Mar,watered,tree,Huracrepitans,-0.553,-1.65,-1.097,3.94
3,281,dry,Mar,watered,tree,Swieteniamacrophylla,-1.485,-2.875,-1.39,NA
3,281,dry,Mar,watered,tree,Swieteniamacrophylla,-0.35,-2.86,-2.51,5.13
3,221,dry,Mar,watered,tree,Terminaliaamazonia,-1.265,-2.263,-0.998,NA
3,236,dry,Mar,watered,tree,Terminaliaamazonia,-0.491,-2.008,-1.517,NA
3,221,dry,Mar,watered,tree,Terminaliaamazonia,-1.083,-1.408,-0.325,2.29
3,204,transition,May,watered,liana,Callichlamyslatifolia,-0.298,-1.24,-0.942,NA
3,260,transition,May,watered,liana,Davillakunthii,-0.262,-1.073,-0.811,NA
3,284,transition,May,watered,liana,Davillakunthii,-0.291,-1,-0.709,NA
3,234,transition,May,watered,liana,Doliocarpusmajor,-0.063,-1.513,-1.45,NA
3,205,transition,May,watered,liana,Machaeriummilleflorum,-0.25,-0.42,-0.17,NA
3,297,transition,May,watered,liana,Machaeriummilleflorum,-0.232,-0.552,-0.32,NA
3,231,transition,May,watered,liana,Maripapanamensis,-0.502,-1.523,-1.021,NA
3,286,transition,May,watered,liana,Maripapanamensis,-0.698,-0.913,-0.215,NA
3,266,transition,May,watered,tree,Dipteryxoleifera,-0.644,-1.567,-0.923,NA
3,269,transition,May,watered,tree,Hieronymaalchorneoides,-0.702,-1.26,-0.558,NA
3,288,transition,May,watered,tree,Hieronymaalchorneoides,-0.252,-0.829,-0.577,NA
3,202,transition,May,watered,tree,Huracrepitans,-0.774,-1.053,-0.279,NA
3,281,transition,May,watered,tree,Swieteniamacrophylla,-0.82,-1.35,-0.53,NA
3,221,transition,May,watered,tree,Terminaliaamazonia,-0.135,-1.164,-1.029,NA
3,236,transition,May,watered,tree,Terminaliaamazonia,-0.222,-1.287,-1.065,NA
3,204,wet,Oct,watered,liana,Callichlamyslatifolia,-0.155,-1.019,-0.864,9.79
3,260,wet,Oct,watered,liana,Davillakunthii,-0.272,-0.619,-0.347,11.2
3,234,wet,Oct,watered,liana,Doliocarpusmajor,-0.196,-1.086,-0.89,7.94
3,205,wet,Oct,watered,liana,Machaeriummilleflorum,-0.298,-0.306,-0.008,10.6
3,231,wet,Oct,watered,liana,Maripapanamensis,-0.179,-1.154,-0.975,14
3,268,wet,Oct,watered,liana,Paulliniapinnata,-0.559,-1.51,-0.951,11.2
3,222,wet,Oct,watered,tree,Crescentiacujete,-0.277,-0.449,-0.172,0.0483
3,266,wet,Oct,watered,tree,Dipteryxoleifera,-0.158,-0.916,-0.758,13.3
3,288,wet,Oct,watered,tree,Hieronymaalchorneoides,-0.158,-0.916,-0.758,13.3
3,202,wet,Oct,watered,tree,Huracrepitans,-0.264,-0.59,-0.326,17.3
3,281,wet,Oct,watered,tree,Swieteniamacrophylla,-0.245,-2.384,-2.139,14
3,221,wet,Oct,watered,tree,Terminaliaamazonia,-0.163,-0.421,-0.258,14.4
3,236,wet,Oct,watered,tree,Terminaliaamazonia,-0.079,-0.625,-0.546,11.1
3,204,wet,Sep,watered,liana,Callichlamyslatifolia,-0.281,-1.617,-1.336,NA
3,260,wet,Sep,watered,liana,Davillakunthii,-0.053,-1.168,-1.115,NA
3,284,wet,Sep,watered,liana,Davillakunthii,-0.094,-1.193,-1.099,NA
3,234,wet,Sep,watered,liana,Doliocarpusmajor,-0.537,-1.585,-1.048,NA
3,205,wet,Sep,watered,liana,Machaeriummilleflorum,-0.104,-1.795,-1.691,NA
3,297,wet,Sep,watered,liana,Machaeriummilleflorum,-0.162,-0.512,-0.35,NA
3,231,wet,Sep,watered,liana,Maripapanamensis,-0.182,-1.56,-1.378,NA
3,286,wet,Sep,watered,liana,Maripapanamensis,-0.148,-1.523,-1.375,NA
3,266,wet,Sep,watered,tree,Dipteryxoleifera,-0.492,-0.728,-0.236,NA
3,269,wet,Sep,watered,tree,Hieronymaalchorneoides,-0.331,-1.17,-0.839,NA
3,288,wet,Sep,watered,tree,Hieronymaalchorneoides,-0.132,-1.197,-1.065,NA
3,202,wet,Sep,watered,tree,Huracrepitans,-0.25,-0.409,-0.159,NA
3,281,wet,Sep,watered,tree,Swieteniamacrophylla,-0.381,-2.092,-1.711,NA
3,221,wet,Sep,watered,tree,Terminaliaamazonia,-0.332,-1.76,-1.428,NA
3,236,wet,Sep,watered,tree,Terminaliaamazonia,-0.162,-1.482,-1.32,NA
4,394,dry,Apr,unwatered,liana,Callichlamyslatifolia,-0.325,-1.921,-1.596,NA
4,306,dry,Apr,unwatered,liana,Callichlamyslatifolia,-0.282,-0.972,-0.69,NA
4,330,dry,Apr,unwatered,liana,Davillakunthii,-2.203,-2.752,-0.549,NA
4,320,dry,Apr,unwatered,liana,Davillakunthii,-0.632,-1.581,-0.949,NA
4,318,dry,Apr,unwatered,liana,Doliocarpusmajor,-2.182,-3.15,-0.968,NA
4,329,dry,Apr,unwatered,liana,Doliocarpusmajor,-3.26,-3.622,-0.362,NA
4,359,dry,Apr,unwatered,liana,Machaeriummilleflorum,-0.633,-1.202,-0.569,NA
4,397,dry,Apr,unwatered,liana,Machaeriummilleflorum,-0.643,-1.759,-1.116,NA
4,383,dry,Apr,unwatered,liana,Maripapanamensis,-0.922,-1.554,-0.632,NA
4,385,dry,Apr,unwatered,liana,Maripapanamensis,-0.58,-1.222,-0.642,NA
4,363,dry,Apr,unwatered,liana,Paulliniapinnata,-0.685,-1.654,-0.969,NA
4,389,dry,Apr,unwatered,liana,Paulliniapinnata,-0.652,-2.383,-1.731,NA
4,302,dry,Apr,unwatered,tree,Crescentiacujete,-0.74,-1.178,-0.438,NA
4,349,dry,Apr,unwatered,tree,Crescentiacujete,-1.572,-1.831,-0.259,NA
4,324,dry,Apr,unwatered,tree,Dipteryxoleifera,-2.716,-3.042,-0.326,NA
4,382,dry,Apr,unwatered,tree,Dipteryxoleifera,-1.87,-4.107,-2.237,NA
4,400,dry,Apr,unwatered,tree,Huracrepitans,-0.672,-1.152,-0.48,NA
4,313,dry,Apr,unwatered,tree,Swieteniamacrophylla,-1.003,-2.512,-1.509,NA
4,388,dry,Apr,unwatered,tree,Swieteniamacrophylla,-2.87,-4.932,-2.062,NA
4,319,dry,Apr,unwatered,tree,Terminaliaamazonia,-2.416,-3.211,-0.795,NA
4,358,dry,Apr,unwatered,tree,Terminaliaamazonia,-1.3,-2,-0.7,NA
4,306,dry,Mar,unwatered,liana,Callichlamyslatifolia,-0.297,-1.524,-1.227,NA
4,394,dry,Mar,unwatered,liana,Callichlamyslatifolia,-0.574,-1.558,-0.984,NA
4,306,dry,Mar,unwatered,liana,Callichlamyslatifolia,-0.543,-1.841,-1.298,6.86
4,320,dry,Mar,unwatered,liana,Davillakunthii,-0.782,-1.922,-1.14,NA
4,330,dry,Mar,unwatered,liana,Davillakunthii,-1.868,-2.231,-0.363,NA
4,320,dry,Mar,unwatered,liana,Davillakunthii,-0.161,-3.178,-3.017,7.51
4,318,dry,Mar,unwatered,liana,Doliocarpusmajor,-1,-3.463,-2.463,NA
4,329,dry,Mar,unwatered,liana,Doliocarpusmajor,-1.102,-3.801,-2.699,NA
4,318,dry,Mar,unwatered,liana,Doliocarpusmajor,-0.372,-3.444,-3.072,2.72
4,359,dry,Mar,unwatered,liana,Machaeriummilleflorum,-0.156,-1.802,-1.646,NA
4,397,dry,Mar,unwatered,liana,Machaeriummilleflorum,-0.825,-2.106,-1.281,NA
4,359,dry,Mar,unwatered,liana,Machaeriummilleflorum,-0.426,-2.65,-2.224,12.5
4,383,dry,Mar,unwatered,liana,Maripapanamensis,-0.202,-1.582,-1.38,NA
4,385,dry,Mar,unwatered,liana,Maripapanamensis,-0.513,-1.864,-1.351,NA
4,385,dry,Mar,unwatered,liana,Maripapanamensis,-0.731,-1.409,-0.678,2.18
4,363,dry,Mar,unwatered,liana,Paulliniapinnata,-0.628,-2.394,-1.766,NA
4,389,dry,Mar,unwatered,liana,Paulliniapinnata,-0.972,-2.336,-1.364,NA
4,389,dry,Mar,unwatered,liana,Paulliniapinnata,-0.5,-2.173,-1.673,3.37
4,302,dry,Mar,unwatered,tree,Crescentiacujete,-0.953,-1.503,-0.55,NA
4,349,dry,Mar,unwatered,tree,Crescentiacujete,-1.767,-3.007,-1.24,NA
4,349,dry,Mar,unwatered,tree,Crescentiacujete,-1.769,-2.879,-1.11,2.17
4,324,dry,Mar,unwatered,tree,Dipteryxoleifera,-1.597,-3.9,-2.303,NA
4,382,dry,Mar,unwatered,tree,Dipteryxoleifera,-0.782,-0.93,-0.148,NA
4,324,dry,Mar,unwatered,tree,Dipteryxoleifera,-1.68,-3.781,-2.101,5.37
4,400,dry,Mar,unwatered,tree,Huracrepitans,-0.406,-0.702,-0.296,NA
4,400,dry,Mar,unwatered,tree,Huracrepitans,-0.57,-1.308,-0.738,4.22
4,313,dry,Mar,unwatered,tree,Swieteniamacrophylla,-1.334,-2.904,-1.57,NA
4,388,dry,Mar,unwatered,tree,Swieteniamacrophylla,-1.635,-1.689,-0.054,NA
4,388,dry,Mar,unwatered,tree,Swieteniamacrophylla,-2.34,-3.689,-1.349,1.48
4,319,dry,Mar,unwatered,tree,Terminaliaamazonia,-2.173,-3.208,-1.035,NA
4,358,dry,Mar,unwatered,tree,Terminaliaamazonia,-1.374,-2.144,-0.77,NA
4,319,dry,Mar,unwatered,tree,Terminaliaamazonia,-1.163,-2.866,-1.703,3.37
4,306,transition,May,unwatered,liana,Callichlamyslatifolia,-0.251,-0.451,-0.2,NA
4,394,transition,May,unwatered,liana,Callichlamyslatifolia,-0.225,-1.177,-0.952,NA
4,320,transition,May,unwatered,liana,Davillakunthii,-0.098,-1.002,-0.904,NA
4,330,transition,May,unwatered,liana,Davillakunthii,-0.294,-1.186,-0.892,NA
4,318,transition,May,unwatered,liana,Doliocarpusmajor,-0.22,-1.087,-0.867,NA
4,329,transition,May,unwatered,liana,Doliocarpusmajor,-0.145,-0.967,-0.822,NA
4,359,transition,May,unwatered,liana,Machaeriummilleflorum,-0.395,-0.432,-0.037,NA
4,397,transition,May,unwatered,liana,Machaeriummilleflorum,-0.431,-0.548,-0.117,NA
4,383,transition,May,unwatered,liana,Maripapanamensis,-0.301,-1.001,-0.7,NA
4,385,transition,May,unwatered,liana,Maripapanamensis,-0.125,-0.574,-0.449,NA
4,363,transition,May,unwatered,liana,Paulliniapinnata,-0.155,-1.723,-1.568,NA
4,389,transition,May,unwatered,liana,Paulliniapinnata,-0.381,-1.232,-0.851,NA
4,302,transition,May,unwatered,tree,Crescentiacujete,-0.491,-1.247,-0.756,NA
4,349,transition,May,unwatered,tree,Crescentiacujete,-0.625,-1.263,-0.638,NA
4,324,transition,May,unwatered,tree,Dipteryxoleifera,-0.277,-0.604,-0.327,NA
4,382,transition,May,unwatered,tree,Dipteryxoleifera,-0.431,-0.792,-0.361,NA
4,400,transition,May,unwatered,tree,Huracrepitans,-0.69,-1.208,-0.518,NA
4,313,transition,May,unwatered,tree,Swieteniamacrophylla,-0.764,-0.942,-0.178,NA
4,388,transition,May,unwatered,tree,Swieteniamacrophylla,-0.643,-1.643,-1,NA
4,319,transition,May,unwatered,tree,Terminaliaamazonia,-0.321,-1.274,-0.953,NA
4,358,transition,May,unwatered,tree,Terminaliaamazonia,-0.26,-0.737,-0.477,NA
4,306,wet,Oct,unwatered,liana,Callichlamyslatifolia,-0.246,-1.238,-0.992,13.8
4,320,wet,Oct,unwatered,liana,Davillakunthii,-0.073,-0.533,-0.46,15.7
4,318,wet,Oct,unwatered,liana,Doliocarpusmajor,-0.232,-0.662,-0.43,7.36
4,359,wet,Oct,unwatered,liana,Machaeriummilleflorum,-0.213,-1.024,-0.811,18.1
4,385,wet,Oct,unwatered,liana,Maripapanamensis,-0.154,-1.594,-1.44,11.6
4,389,wet,Oct,unwatered,liana,Paulliniapinnata,-0.585,-0.905,-0.32,13.1
4,349,wet,Oct,unwatered,tree,Crescentiacujete,-0.118,-1.716,-1.598,9.28
4,324,wet,Oct,unwatered,tree,Dipteryxoleifera,-0.129,-1.573,-1.444,8.65
4,400,wet,Oct,unwatered,tree,Huracrepitans,-0.325,-0.661,-0.336,17.9
4,388,wet,Oct,unwatered,tree,Swieteniamacrophylla,-0.254,-0.763,-0.509,12
4,319,wet,Oct,unwatered,tree,Terminaliaamazonia,-0.146,-1.171,-1.025,7.25
4,306,wet,Sep,unwatered,liana,Callichlamyslatifolia,-0.207,-1.888,-1.681,NA
4,394,wet,Sep,unwatered,liana,Callichlamyslatifolia,-0.197,-1.46,-1.263,NA
4,320,wet,Sep,unwatered,liana,Davillakunthii,-0.192,-0.972,-0.78,NA
4,330,wet,Sep,unwatered,liana,Davillakunthii,-0.098,-0.787,-0.689,NA
4,318,wet,Sep,unwatered,liana,Doliocarpusmajor,-0.144,-1.717,-1.573,NA
4,329,wet,Sep,unwatered,liana,Doliocarpusmajor,-0.11,-0.502,-0.392,NA
4,359,wet,Sep,unwatered,liana,Machaeriummilleflorum,-0.318,-1.443,-1.125,NA
4,397,wet,Sep,unwatered,liana,Machaeriummilleflorum,-0.133,-1.335,-1.202,NA
4,383,wet,Sep,unwatered,liana,Maripapanamensis,-0.125,-1.391,-1.266,NA
4,385,wet,Sep,unwatered,liana,Maripapanamensis,-0.065,-1.256,-1.191,NA
4,363,wet,Sep,unwatered,liana,Paulliniapinnata,-0.329,-0.893,-0.564,NA
4,389,wet,Sep,unwatered,liana,Paulliniapinnata,-0.489,-2.146,-1.657,NA
4,302,wet,Sep,unwatered,tree,Crescentiacujete,-0.054,-1.188,-1.134,NA
4,349,wet,Sep,unwatered,tree,Crescentiacujete,-0.389,-1.485,-1.096,NA
4,324,wet,Sep,unwatered,tree,Dipteryxoleifera,-0.39,-0.489,-0.099,NA
4,382,wet,Sep,unwatered,tree,Dipteryxoleifera,-0.099,-1.432,-1.333,NA
4,400,wet,Sep,unwatered,tree,Huracrepitans,-0.288,-0.752,-0.464,NA
4,313,wet,Sep,unwatered,tree,Swieteniamacrophylla,-0.318,-0.439,-0.121,NA
4,388,wet,Sep,unwatered,tree,Swieteniamacrophylla,-0.47,-0.698,-0.228,NA
4,319,wet,Sep,unwatered,tree,Terminaliaamazonia,-0.313,-1.26,-0.947,NA
4,358,wet,Sep,unwatered,tree,Terminaliaamazonia,-0.344,-1.358,-1.014,NA
5,402,dry,Apr,unwatered,liana,Davillakunthii,-2.892,-3.675,-0.783,NA
5,422,dry,Apr,unwatered,liana,Davillakunthii,-0.513,-2.393,-1.88,NA
5,407,dry,Apr,unwatered,liana,Doliocarpusmajor,-0.912,-1.552,-0.64,NA
5,436,dry,Apr,unwatered,liana,Doliocarpusmajor,-0.98,-0.983,-0.003,NA
5,483,dry,Apr,unwatered,liana,Machaeriummilleflorum,-1.05,-1.9,-0.85,NA
5,414,dry,Apr,unwatered,liana,Machaeriummilleflorum,-0.442,-1.276,-0.834,NA
5,420,dry,Apr,unwatered,liana,Maripapanamensis,-1.001,-1.447,-0.446,NA
5,463,dry,Apr,unwatered,liana,Maripapanamensis,-1.479,-1.984,-0.505,NA
5,452,dry,Apr,unwatered,tree,Crescentiacujete,-0.979,-2.034,-1.055,NA
5,491,dry,Apr,unwatered,tree,Crescentiacujete,-0.925,-1.159,-0.234,NA
5,408,dry,Apr,unwatered,tree,Swieteniamacrophylla,-1.102,-1.104,-0.002,NA
5,471,dry,Apr,unwatered,tree,Swieteniamacrophylla,-1.111,-2.623,-1.512,NA
5,473,dry,Apr,unwatered,tree,Swieteniamacrophylla,-1.131,-1.902,-0.771,NA
5,401,dry,Apr,unwatered,tree,Terminaliaamazonia,-2.221,-2.234,-0.013,NA
5,459,dry,Apr,unwatered,tree,Terminaliaamazonia,-1.161,-2.037,-0.876,NA
5,480,dry,Mar,unwatered,liana,Callichlamyslatifolia,-0.56,-1.929,-1.369,2.4
5,402,dry,Mar,unwatered,liana,Davillakunthii,-1.456,-2.771,-1.315,NA
5,422,dry,Mar,unwatered,liana,Davillakunthii,-1.458,-3.033,-1.575,NA
5,422,dry,Mar,unwatered,liana,Davillakunthii,-0.306,-2.604,-2.298,6.41
5,407,dry,Mar,unwatered,liana,Doliocarpusmajor,-1.796,-2.998,-1.202,NA
5,436,dry,Mar,unwatered,liana,Doliocarpusmajor,-2.072,-2.705,-0.633,NA
5,436,dry,Mar,unwatered,liana,Doliocarpusmajor,-0.58,-3.19,-2.61,3.87
5,414,dry,Mar,unwatered,liana,Machaeriummilleflorum,-0.784,-1.874,-1.09,NA
5,483,dry,Mar,unwatered,liana,Machaeriummilleflorum,-0.442,-0.859,-0.417,NA
5,483,dry,Mar,unwatered,liana,Machaeriummilleflorum,-0.311,-0.589,-0.278,12.6
5,420,dry,Mar,unwatered,liana,Maripapanamensis,-0.497,-1.685,-1.188,NA
5,463,dry,Mar,unwatered,liana,Maripapanamensis,-1.068,-1.858,-0.79,NA
5,463,dry,Mar,unwatered,liana,Maripapanamensis,-1.022,-1.901,-0.879,3.77
5,466,dry,Mar,unwatered,liana,Paulliniapinnata,-0.699,-3.332,-2.633,3.29
5,452,dry,Mar,unwatered,tree,Crescentiacujete,-0.65,-1.718,-1.068,NA
5,491,dry,Mar,unwatered,tree,Crescentiacujete,-0.272,-1.059,-0.787,NA
5,491,dry,Mar,unwatered,tree,Crescentiacujete,-0.416,-2.509,-2.093,2.57
5,427,dry,Mar,unwatered,tree,Dipteryxoleifera,-0.974,-3.001,-2.027,4.91
5,404,dry,Mar,unwatered,tree,Huracrepitans,-0.911,-1.66,-0.749,3.8
5,408,dry,Mar,unwatered,tree,Swieteniamacrophylla,-1.628,-2.974,-1.346,NA
5,471,dry,Mar,unwatered,tree,Swieteniamacrophylla,-0.766,-2.315,-1.549,NA
5,473,dry,Mar,unwatered,tree,Swieteniamacrophylla,-1.609,-2.602,-0.993,NA
5,401,dry,Mar,unwatered,tree,Terminaliaamazonia,-2.104,-2.576,-0.472,NA
5,459,dry,Mar,unwatered,tree,Terminaliaamazonia,-0.411,-2.293,-1.882,NA
5,459,dry,Mar,unwatered,tree,Terminaliaamazonia,-0.354,-2.039,-1.685,5.43
5,402,transition,May,unwatered,liana,Davillakunthii,-1.056,-1.136,-0.08,NA
5,422,transition,May,unwatered,liana,Davillakunthii,-0.498,-0.792,-0.294,NA
5,407,transition,May,unwatered,liana,Doliocarpusmajor,-0.391,-0.817,-0.426,NA
5,436,transition,May,unwatered,liana,Doliocarpusmajor,-0.176,-1.146,-0.97,NA
5,414,transition,May,unwatered,liana,Machaeriummilleflorum,-0.224,-0.415,-0.191,NA
5,483,transition,May,unwatered,liana,Machaeriummilleflorum,-0.261,-0.375,-0.114,NA
5,420,transition,May,unwatered,liana,Maripapanamensis,-0.387,-1.835,-1.448,NA
5,463,transition,May,unwatered,liana,Maripapanamensis,-0.424,-1.196,-0.772,NA
5,452,transition,May,unwatered,tree,Crescentiacujete,-0.202,-1.128,-0.926,NA
5,491,transition,May,unwatered,tree,Crescentiacujete,-0.392,-1.586,-1.194,NA
5,408,transition,May,unwatered,tree,Swieteniamacrophylla,-0.864,-0.981,-0.117,NA
5,471,transition,May,unwatered,tree,Swieteniamacrophylla,-1.07,-1.795,-0.725,NA
5,473,transition,May,unwatered,tree,Swieteniamacrophylla,-0.712,-1.408,-0.696,NA
5,401,transition,May,unwatered,tree,Terminaliaamazonia,-0.56,-1.185,-0.625,NA
5,459,transition,May,unwatered,tree,Terminaliaamazonia,-0.289,-0.854,-0.565,NA
5,480,wet,Oct,unwatered,liana,Callichlamyslatifolia,-0.201,-1.193,-0.992,8.64
5,422,wet,Oct,unwatered,liana,Davillakunthii,-0.068,-0.712,-0.644,13
5,436,wet,Oct,unwatered,liana,Doliocarpusmajor,-0.131,-0.829,-0.698,10.5
5,483,wet,Oct,unwatered,liana,Machaeriummilleflorum,-0.176,-0.59,-0.414,18.9
5,463,wet,Oct,unwatered,liana,Maripapanamensis,-0.068,-0.9,-0.832,10.3
5,466,wet,Oct,unwatered,liana,Paulliniapinnata,-0.413,-0.804,-0.391,8.29
5,491,wet,Oct,unwatered,tree,Crescentiacujete,-0.168,-1.201,-1.033,10.1
5,427,wet,Oct,unwatered,tree,Dipteryxoleifera,-0.068,-0.977,-0.909,9.78
5,404,wet,Oct,unwatered,tree,Huracrepitans,-0.209,-0.704,-0.495,8.16
5,459,wet,Oct,unwatered,tree,Terminaliaamazonia,-0.12,-1.057,-0.937,10.2
5,402,wet,Sep,unwatered,liana,Davillakunthii,-0.14,-1.742,-1.602,NA
5,422,wet,Sep,unwatered,liana,Davillakunthii,-0.15,-1.367,-1.217,NA
5,407,wet,Sep,unwatered,liana,Doliocarpusmajor,-0.084,-1.872,-1.788,NA
5,436,wet,Sep,unwatered,liana,Doliocarpusmajor,-0.078,-1.582,-1.504,NA
5,414,wet,Sep,unwatered,liana,Machaeriummilleflorum,-0.052,-1.612,-1.56,NA
5,483,wet,Sep,unwatered,liana,Machaeriummilleflorum,-0.23,-0.518,-0.288,NA
5,420,wet,Sep,unwatered,liana,Maripapanamensis,-0.213,-1.452,-1.239,NA
5,463,wet,Sep,unwatered,liana,Maripapanamensis,-0.096,-2.153,-2.057,NA
5,452,wet,Sep,unwatered,tree,Crescentiacujete,-0.209,-1.527,-1.318,NA
5,491,wet,Sep,unwatered,tree,Crescentiacujete,-0.293,-1.472,-1.179,NA
5,408,wet,Sep,unwatered,tree,Swieteniamacrophylla,-0.517,-2.351,-1.834,NA
5,471,wet,Sep,unwatered,tree,Swieteniamacrophylla,-0.191,-3.113,-2.922,NA
5,473,wet,Sep,unwatered,tree,Swieteniamacrophylla,-0.127,-2.724,-2.597,NA
5,401,wet,Sep,unwatered,tree,Terminaliaamazonia,-0.131,-1.012,-0.881,NA
5,459,wet,Sep,unwatered,tree,Terminaliaamazonia,-0.072,-1.741,-1.669,NA
6,596,dry,Apr,watered,liana,Callichlamyslatifolia,-0.229,-1.243,-1.014,NA
6,597,dry,Apr,watered,liana,Callichlamyslatifolia,-0.291,-1.558,-1.267,NA
6,530,dry,Apr,watered,liana,Davillakunthii,-0.44,-2.214,-1.774,NA
6,578,dry,Apr,watered,liana,Davillakunthii,-0.853,-1.38,-0.527,NA
6,564,dry,Apr,watered,liana,Doliocarpusmajor,-0.707,-1.351,-0.644,NA
6,583,dry,Apr,watered,liana,Doliocarpusmajor,-0.452,-1.203,-0.751,NA
6,525,dry,Apr,watered,liana,Machaeriummilleflorum,-0.412,-1.776,-1.364,NA
6,535,dry,Apr,watered,liana,Machaeriummilleflorum,-0.482,-0.532,-0.05,NA
6,588,dry,Apr,watered,liana,Maripapanamensis,-0.35,-1.231,-0.881,NA
6,593,dry,Apr,watered,liana,Maripapanamensis,-0.874,-1.683,-0.809,NA
6,584,dry,Apr,watered,liana,Paulliniapinnata,-0.492,-2.264,-1.772,NA
6,586,dry,Apr,watered,liana,Paulliniapinnata,-0.457,-1.92,-1.463,NA
6,502,dry,Apr,watered,tree,Crescentiacujete,-0.871,-1.68,-0.809,NA
6,523,dry,Apr,watered,tree,Crescentiacujete,-1.102,-1.453,-0.351,NA
6,576,dry,Apr,watered,tree,Dipteryxoleifera,-0.653,-1.754,-1.101,NA
6,595,dry,Apr,watered,tree,Dipteryxoleifera,-0.752,-2.015,-1.263,NA
6,561,dry,Apr,watered,tree,Hieronymaalchorneoides,-1.603,-1.601,0.002,NA
6,598,dry,Apr,watered,tree,Hieronymaalchorneoides,-0.72,-1.42,-0.7,NA
6,537,dry,Apr,watered,tree,Swieteniamacrophylla,-0.827,-2.84,-2.013,NA
6,560,dry,Apr,watered,tree,Swieteniamacrophylla,-0.91,-2.64,-1.73,NA
6,515,dry,Apr,watered,tree,Terminaliaamazonia,-0.643,-1.322,-0.679,NA
6,594,dry,Apr,watered,tree,Terminaliaamazonia,-0.566,-1.269,-0.703,NA
6,596,dry,Mar,watered,liana,Callichlamyslatifolia,-0.267,-1.458,-1.191,NA
6,597,dry,Mar,watered,liana,Callichlamyslatifolia,-0.195,-1.469,-1.274,NA
6,597,dry,Mar,watered,liana,Callichlamyslatifolia,-0.345,-1.849,-1.504,3.65
6,530,dry,Mar,watered,liana,Davillakunthii,-0.886,-1.583,-0.697,NA
6,578,dry,Mar,watered,liana,Davillakunthii,-0.157,-1.763,-1.606,NA
6,578,dry,Mar,watered,liana,Davillakunthii,-0.274,-2.867,-2.593,11.6
6,564,dry,Mar,watered,liana,Doliocarpusmajor,-0.282,-2.548,-2.266,NA
6,583,dry,Mar,watered,liana,Doliocarpusmajor,-0.228,-2.395,-2.167,NA
6,564,dry,Mar,watered,liana,Doliocarpusmajor,-0.917,-3.306,-2.389,4.08
6,525,dry,Mar,watered,liana,Machaeriummilleflorum,-0.466,-0.617,-0.151,NA
6,535,dry,Mar,watered,liana,Machaeriummilleflorum,-0.405,-1.104,-0.699,NA
6,535,dry,Mar,watered,liana,Machaeriummilleflorum,-0.613,-2.075,-1.462,10.2
6,588,dry,Mar,watered,liana,Maripapanamensis,-0.259,-1.564,-1.305,NA
6,593,dry,Mar,watered,liana,Maripapanamensis,-0.168,-1.388,-1.22,NA
6,593,dry,Mar,watered,liana,Maripapanamensis,-0.466,-1.843,-1.377,2.97
6,584,dry,Mar,watered,liana,Paulliniapinnata,-0.536,-2.302,-1.766,NA
6,586,dry,Mar,watered,liana,Paulliniapinnata,-0.477,-1.902,-1.425,NA
6,584,dry,Mar,watered,liana,Paulliniapinnata,-0.676,-2.701,-2.025,7.2
6,502,dry,Mar,watered,tree,Crescentiacujete,-0.436,-1.725,-1.289,NA
6,523,dry,Mar,watered,tree,Crescentiacujete,-0.668,-0.891,-0.223,NA
6,523,dry,Mar,watered,tree,Crescentiacujete,-1.136,-1.836,-0.7,3.11
6,576,dry,Mar,watered,tree,Dipteryxoleifera,-0.572,-2.802,-2.23,NA
6,595,dry,Mar,watered,tree,Dipteryxoleifera,-0.596,-1.353,-0.757,NA
6,595,dry,Mar,watered,tree,Dipteryxoleifera,-2.4,-3.542,-1.142,5.28
6,561,dry,Mar,watered,tree,Hieronymaalchorneoides,-0.934,-1.599,-0.665,NA
6,598,dry,Mar,watered,tree,Hieronymaalchorneoides,-0.282,-0.874,-0.592,NA
6,561,dry,Mar,watered,tree,Hieronymaalchorneoides,-1.193,-2.22,-1.027,1.95
6,581,dry,Mar,watered,tree,Huracrepitans,NA,NA,NA,NA
6,537,dry,Mar,watered,tree,Swieteniamacrophylla,-0.585,-2.034,-1.449,NA
6,560,dry,Mar,watered,tree,Swieteniamacrophylla,-0.301,-1.84,-1.539,NA
6,560,dry,Mar,watered,tree,Swieteniamacrophylla,-0.397,-2.601,-2.204,4.37
6,515,dry,Mar,watered,tree,Terminaliaamazonia,-0.544,-1.261,-0.717,NA
6,594,dry,Mar,watered,tree,Terminaliaamazonia,-0.095,-1.196,-1.101,NA
6,515,dry,Mar,watered,tree,Terminaliaamazonia,-1.042,-2.502,-1.46,4.68
6,596,transition,May,watered,liana,Callichlamyslatifolia,-0.373,-0.395,-0.022,NA
6,597,transition,May,watered,liana,Callichlamyslatifolia,-0.25,-1.095,-0.845,NA
6,530,transition,May,watered,liana,Davillakunthii,-0.311,-1.036,-0.725,NA
6,578,transition,May,watered,liana,Davillakunthii,-0.334,-1.303,-0.969,NA
6,564,transition,May,watered,liana,Doliocarpusmajor,-0.206,-1.014,-0.808,NA
6,583,transition,May,watered,liana,Doliocarpusmajor,-0.258,-1.382,-1.124,NA
6,525,transition,May,watered,liana,Machaeriummilleflorum,-0.402,-0.854,-0.452,NA
6,535,transition,May,watered,liana,Machaeriummilleflorum,-0.279,-1.682,-1.403,NA
6,588,transition,May,watered,liana,Maripapanamensis,-0.138,-1.248,-1.11,NA
6,593,transition,May,watered,liana,Maripapanamensis,-0.245,-1.595,-1.35,NA
6,584,transition,May,watered,liana,Paulliniapinnata,-0.283,-1.805,-1.522,NA
6,586,transition,May,watered,liana,Paulliniapinnata,-0.225,-1.934,-1.709,NA
6,502,transition,May,watered,tree,Crescentiacujete,-0.508,-1.252,-0.744,NA
6,523,transition,May,watered,tree,Crescentiacujete,-0.418,-1.503,-1.085,NA
6,576,transition,May,watered,tree,Dipteryxoleifera,-0.614,-1.843,-1.229,NA
6,595,transition,May,watered,tree,Dipteryxoleifera,-0.427,-1.073,-0.646,NA
6,561,transition,May,watered,tree,Hieronymaalchorneoides,-0.306,-0.702,-0.396,NA
6,598,transition,May,watered,tree,Hieronymaalchorneoides,-0.136,-1.537,-1.401,NA
6,537,transition,May,watered,tree,Swieteniamacrophylla,-0.691,-2.703,-2.012,NA
6,560,transition,May,watered,tree,Swieteniamacrophylla,-0.362,-1.952,-1.59,NA
6,515,transition,May,watered,tree,Terminaliaamazonia,-0.353,-1.412,-1.059,NA
6,594,transition,May,watered,tree,Terminaliaamazonia,-0.463,-1.411,-0.948,NA
6,597,wet,Oct,watered,liana,Callichlamyslatifolia,-0.165,-1.576,-1.411,13.1
6,578,wet,Oct,watered,liana,Davillakunthii,-0.201,-0.512,-0.311,15.9
6,564,wet,Oct,watered,liana,Doliocarpusmajor,-0.119,-0.638,-0.519,7.66
6,535,wet,Oct,watered,liana,Machaeriummilleflorum,-0.208,-0.298,-0.09,7.08
6,593,wet,Oct,watered,liana,Maripapanamensis,-0.17,-1.017,-0.847,13
6,584,wet,Oct,watered,liana,Paulliniapinnata,-0.22,-1.244,-1.024,13.9
6,523,wet,Oct,watered,tree,Crescentiacujete,-0.282,-1.131,-0.849,11.9
6,595,wet,Oct,watered,tree,Dipteryxoleifera,-0.202,-1.28,-1.078,5.84
6,561,wet,Oct,watered,tree,Hieronymaalchorneoides,-0.217,-1.061,-0.844,8.79
6,581,wet,Oct,watered,tree,Huracrepitans,-0.194,-0.492,-0.298,5.22
6,560,wet,Oct,watered,tree,Swieteniamacrophylla,-0.298,-0.983,-0.685,2.7
6,515,wet,Oct,watered,tree,Terminaliaamazonia,-0.099,-0.78,-0.681,11.2
6,596,wet,Sep,watered,liana,Callichlamyslatifolia,-0.232,-1.517,-1.285,NA
6,597,wet,Sep,watered,liana,Callichlamyslatifolia,-0.318,-1.56,-1.242,NA
6,530,wet,Sep,watered,liana,Davillakunthii,-0.136,-1.352,-1.216,NA
6,578,wet,Sep,watered,liana,Davillakunthii,-0.078,-1.021,-0.943,NA
6,564,wet,Sep,watered,liana,Doliocarpusmajor,-0.15,-1.06,-0.91,NA
6,583,wet,Sep,watered,liana,Doliocarpusmajor,-0.099,-1.711,-1.612,NA
6,525,wet,Sep,watered,liana,Machaeriummilleflorum,-0.12,-1.603,-1.483,NA
6,535,wet,Sep,watered,liana,Machaeriummilleflorum,-0.43,-1.779,-1.349,NA
6,588,wet,Sep,watered,liana,Maripapanamensis,-0.203,-1.346,-1.143,NA
6,593,wet,Sep,watered,liana,Maripapanamensis,-0.251,-1.572,-1.321,NA
6,584,wet,Sep,watered,liana,Paulliniapinnata,-0.643,-1.451,-0.808,NA
6,586,wet,Sep,watered,liana,Paulliniapinnata,-0.303,-2.845,-2.542,NA
6,502,wet,Sep,watered,tree,Crescentiacujete,-0.481,-1.395,-0.914,NA
6,523,wet,Sep,watered,tree,Crescentiacujete,-0.51,-1.487,-0.977,NA
6,576,wet,Sep,watered,tree,Dipteryxoleifera,-0.323,-0.45,-0.127,NA
6,595,wet,Sep,watered,tree,Dipteryxoleifera,-0.202,-0.578,-0.376,NA
6,561,wet,Sep,watered,tree,Hieronymaalchorneoides,-0.095,-0.927,-0.832,NA
6,598,wet,Sep,watered,tree,Hieronymaalchorneoides,-0.134,-1.326,-1.192,NA
6,537,wet,Sep,watered,tree,Swieteniamacrophylla,-0.429,-1.903,-1.474,NA
6,560,wet,Sep,watered,tree,Swieteniamacrophylla,-0.409,-2.289,-1.88,NA
6,515,wet,Sep,watered,tree,Terminaliaamazonia,-0.544,-1.314,-0.77,NA
6,594,wet,Sep,watered,tree,Terminaliaamazonia,-0.207,-1.171,-0.964,NA
7,673,dry,Apr,unwatered,liana,Callichlamyslatifolia,-0.375,-1.061,-0.686,NA
7,691,dry,Apr,unwatered,liana,Callichlamyslatifolia,-0.332,-2.235,-1.903,NA
7,628,dry,Apr,unwatered,liana,Davillakunthii,-0.701,-2.415,-1.714,NA
7,699,dry,Apr,unwatered,liana,Davillakunthii,-0.635,-2.247,-1.612,NA
7,624,dry,Apr,unwatered,liana,Doliocarpusmajor,-2.372,-4.07,-1.698,NA
7,685,dry,Apr,unwatered,liana,Doliocarpusmajor,-1.14,-2.203,-1.063,NA
7,670,dry,Apr,unwatered,liana,Machaeriummilleflorum,-0.417,-1.691,-1.274,NA
7,696,dry,Apr,unwatered,liana,Machaeriummilleflorum,-0.39,-0.391,-0.001,NA
7,650,dry,Apr,unwatered,liana,Maripapanamensis,-1.812,-2.248,-0.436,NA
7,603,dry,Apr,unwatered,liana,Paulliniapinnata,-0.801,-1.106,-0.305,NA
7,686,dry,Apr,unwatered,liana,Paulliniapinnata,-0.725,-1.934,-1.209,NA
7,682,dry,Apr,unwatered,tree,Crescentiacujete,-0.851,-1.882,-1.031,NA
7,633,dry,Apr,unwatered,tree,Dipteryxoleifera,-2.817,-4.209,-1.392,NA
7,668,dry,Apr,unwatered,tree,Hieronymaalchorneoides,-2.872,-2.889,-0.017,NA
7,602,dry,Apr,unwatered,tree,Swieteniamacrophylla,-0.891,-2.439,-1.548,NA
7,616,dry,Apr,unwatered,tree,Swieteniamacrophylla,-1.172,-2.4,-1.228,NA
7,605,dry,Apr,unwatered,tree,Terminaliaamazonia,-1.283,-2.422,-1.139,NA
7,608,dry,Apr,unwatered,tree,Terminaliaamazonia,-1.051,-1.054,-0.003,NA
7,673,dry,Mar,unwatered,liana,Callichlamyslatifolia,-0.4,-1.903,-1.503,NA
7,691,dry,Mar,unwatered,liana,Callichlamyslatifolia,-1.301,-1.841,-0.54,NA
7,673,dry,Mar,unwatered,liana,Callichlamyslatifolia,-0.163,-2.062,-1.899,12.4
7,628,dry,Mar,unwatered,liana,Davillakunthii,-0.245,-2.719,-2.474,NA
7,699,dry,Mar,unwatered,liana,Davillakunthii,-0.196,-1.435,-1.239,NA
7,628,dry,Mar,unwatered,liana,Davillakunthii,-0.64,-2.217,-1.577,4.17
7,624,dry,Mar,unwatered,liana,Doliocarpusmajor,-1.422,-3.32,-1.898,NA
7,685,dry,Mar,unwatered,liana,Doliocarpusmajor,-1.271,-2.373,-1.102,NA
7,624,dry,Mar,unwatered,liana,Doliocarpusmajor,-2.877,-3.621,-0.744,3.74
7,670,dry,Mar,unwatered,liana,Machaeriummilleflorum,-0.792,-0.881,-0.089,NA
7,696,dry,Mar,unwatered,liana,Machaeriummilleflorum,-0.511,-1.781,-1.27,NA
7,670,dry,Mar,unwatered,liana,Machaeriummilleflorum,-0.378,-1.553,-1.175,13.8
7,650,dry,Mar,unwatered,liana,Maripapanamensis,-1.001,-2.351,-1.35,NA
7,679,dry,Mar,unwatered,liana,Maripapanamensis,-1.884,-2.107,-0.223,NA
7,650,dry,Mar,unwatered,liana,Maripapanamensis,-1.068,-1.531,-0.463,8.16
7,603,dry,Mar,unwatered,liana,Paulliniapinnata,-0.572,-2.087,-1.515,NA
7,686,dry,Mar,unwatered,liana,Paulliniapinnata,-1.098,-2.653,-1.555,NA
7,603,dry,Mar,unwatered,liana,Paulliniapinnata,-0.791,-2.478,-1.687,4.71
7,682,dry,Mar,unwatered,tree,Crescentiacujete,-0.731,-1.547,-0.816,NA
7,682,dry,Mar,unwatered,tree,Crescentiacujete,-0.781,-2.083,-1.302,10.1
7,633,dry,Mar,unwatered,tree,Dipteryxoleifera,-0.701,-3.36,-2.659,NA
7,633,dry,Mar,unwatered,tree,Dipteryxoleifera,-0.955,-1.012,-0.057,7.32
7,668,dry,Mar,unwatered,tree,Hieronymaalchorneoides,-1.842,-2.229,-0.387,NA
7,668,dry,Mar,unwatered,tree,Hieronymaalchorneoides,-1.011,-2.06,-1.049,2.88
7,693,dry,Mar,unwatered,tree,Huracrepitans,NA,NA,NA,NA
7,602,dry,Mar,unwatered,tree,Swieteniamacrophylla,-1.262,-2.601,-1.339,NA
7,616,dry,Mar,unwatered,tree,Swieteniamacrophylla,-0.882,-2.301,-1.419,NA
7,602,dry,Mar,unwatered,tree,Swieteniamacrophylla,-1.133,-2.905,-1.772,7.12
7,605,dry,Mar,unwatered,tree,Terminaliaamazonia,-0.483,-2.192,-1.709,NA
7,608,dry,Mar,unwatered,tree,Terminaliaamazonia,-0.93,-2.107,-1.177,NA
7,608,dry,Mar,unwatered,tree,Terminaliaamazonia,-0.875,-1.904,-1.029,5.21
7,673,transition,May,unwatered,liana,Callichlamyslatifolia,-0.25,-1.111,-0.861,NA
7,691,transition,May,unwatered,liana,Callichlamyslatifolia,-0.117,-0.443,-0.326,NA
7,628,transition,May,unwatered,liana,Davillakunthii,-0.382,-1.917,-1.535,NA
7,699,transition,May,unwatered,liana,Davillakunthii,-0.41,-0.831,-0.421,NA
7,624,transition,May,unwatered,liana,Doliocarpusmajor,-0.296,-1.367,-1.071,NA
7,685,transition,May,unwatered,liana,Doliocarpusmajor,-0.212,-1.435,-1.223,NA
7,670,transition,May,unwatered,liana,Machaeriummilleflorum,-0.196,-1.521,-1.325,NA
7,696,transition,May,unwatered,liana,Machaeriummilleflorum,-0.221,-0.52,-0.299,NA
7,650,transition,May,unwatered,liana,Maripapanamensis,-0.501,-1.302,-0.801,NA
7,679,transition,May,unwatered,liana,Maripapanamensis,-0.921,-1.103,-0.182,NA
7,603,transition,May,unwatered,liana,Paulliniapinnata,-0.18,-1.76,-1.58,NA
7,686,transition,May,unwatered,liana,Paulliniapinnata,-0.498,-0.792,-0.294,NA
7,682,transition,May,unwatered,tree,Crescentiacujete,-0.61,-1.482,-0.872,NA
7,633,transition,May,unwatered,tree,Dipteryxoleifera,-0.252,-1.044,-0.792,NA
7,668,transition,May,unwatered,tree,Hieronymaalchorneoides,-0.34,-1.154,-0.814,NA
7,602,transition,May,unwatered,tree,Swieteniamacrophylla,-0.449,-1.553,-1.104,NA
7,616,transition,May,unwatered,tree,Swieteniamacrophylla,-0.197,-1.483,-1.286,NA
7,605,transition,May,unwatered,tree,Terminaliaamazonia,-0.271,-1.114,-0.843,NA
7,608,transition,May,unwatered,tree,Terminaliaamazonia,-0.111,-1.091,-0.98,NA
7,673,wet,Oct,unwatered,liana,Callichlamyslatifolia,-0.191,-0.612,-0.421,7.75
7,628,wet,Oct,unwatered,liana,Davillakunthii,-0.068,-1.573,-1.505,13.8
7,624,wet,Oct,unwatered,liana,Doliocarpusmajor,-0.306,-1.301,-0.995,13.7
7,668,wet,Oct,unwatered,liana,Hieronymaalchorneoides,-0.18,-1.151,-0.971,16.2
7,670,wet,Oct,unwatered,liana,Machaeriummilleflorum,-0.251,-0.35,-0.099,10.5
7,650,wet,Oct,unwatered,liana,Maripapanamensis,-0.125,-1.328,-1.203,13.9
7,603,wet,Oct,unwatered,liana,Paulliniapinnata,-0.145,-1.639,-1.494,10.8
7,682,wet,Oct,unwatered,tree,Crescentiacujete,-0.234,-1.176,-0.942,8.87
7,633,wet,Oct,unwatered,tree,Dipteryxoleifera,-0.114,-1.284,-1.17,9.65
7,693,wet,Oct,unwatered,tree,Huracrepitans,-0.305,-0.473,-0.168,17.6
7,602,wet,Oct,unwatered,tree,Swieteniamacrophylla,-0.376,-1.028,-0.652,10.2
7,608,wet,Oct,unwatered,tree,Terminaliaamazonia,-0.161,-1.058,-0.897,11.1
7,673,wet,Sep,unwatered,liana,Callichlamyslatifolia,-0.094,-1.767,-1.673,NA
7,691,wet,Sep,unwatered,liana,Callichlamyslatifolia,-0.206,-1.709,-1.503,NA
7,628,wet,Sep,unwatered,liana,Davillakunthii,-0.061,-0.878,-0.817,NA
7,699,wet,Sep,unwatered,liana,Davillakunthii,-0.104,-1.426,-1.322,NA
7,624,wet,Sep,unwatered,liana,Doliocarpusmajor,-0.315,-2.017,-1.702,NA
7,685,wet,Sep,unwatered,liana,Doliocarpusmajor,-0.057,-2.166,-2.109,NA
7,670,wet,Sep,unwatered,liana,Machaeriummilleflorum,-0.28,-1.517,-1.237,NA
7,696,wet,Sep,unwatered,liana,Machaeriummilleflorum,-0.25,-0.938,-0.688,NA
7,650,wet,Sep,unwatered,liana,Maripapanamensis,-0.167,-1.406,-1.239,NA
7,679,wet,Sep,unwatered,liana,Maripapanamensis,-0.205,-1.429,-1.224,NA
7,603,wet,Sep,unwatered,liana,Paulliniapinnata,-0.257,-1.697,-1.44,NA
7,686,wet,Sep,unwatered,liana,Paulliniapinnata,-0.178,-1.699,-1.521,NA
7,682,wet,Sep,unwatered,tree,Crescentiacujete,-0.681,-1.371,-0.69,NA
7,633,wet,Sep,unwatered,tree,Dipteryxoleifera,-0.309,-0.711,-0.402,NA
7,668,wet,Sep,unwatered,tree,Hieronymaalchorneoides,-0.236,-1.235,-0.999,NA
7,602,wet,Sep,unwatered,tree,Swieteniamacrophylla,-0.313,-2.726,-2.413,NA
7,616,wet,Sep,unwatered,tree,Swieteniamacrophylla,-0.194,-1.649,-1.455,NA
7,605,wet,Sep,unwatered,tree,Terminaliaamazonia,-0.173,-1.329,-1.156,NA
7,608,wet,Sep,unwatered,tree,Terminaliaamazonia,-0.128,-1.289,-1.161,NA
8,728,dry,Apr,watered,liana,Callichlamyslatifolia,-0.666,-1.327,-0.661,NA
8,739,dry,Apr,watered,liana,Callichlamyslatifolia,-0.515,-1.54,-1.025,NA
8,703,dry,Apr,watered,liana,Davillakunthii,-0.631,-1.624,-0.993,NA
8,705,dry,Apr,watered,liana,Davillakunthii,-0.37,-1.571,-1.201,NA
8,707,dry,Apr,watered,liana,Doliocarpusmajor,-0.699,-1.767,-1.068,NA
8,709,dry,Apr,watered,liana,Doliocarpusmajor,-0.872,-1.703,-0.831,NA
8,712,dry,Apr,watered,liana,Machaeriummilleflorum,-1.062,-2.059,-0.997,NA
8,787,dry,Apr,watered,liana,Machaeriummilleflorum,-0.371,-0.791,-0.42,NA
8,752,dry,Apr,watered,liana,Maripapanamensis,-0.551,-1.466,-0.915,NA
8,734,dry,Apr,watered,liana,Paulliniapinnata,-0.885,-2.653,-1.768,NA
8,740,dry,Apr,watered,liana,Paulliniapinnata,-0.467,-2.821,-2.354,NA
8,762,dry,Apr,watered,tree,Dipteryxoleifera,-0.761,-1.772,-1.011,NA
8,791,dry,Apr,watered,tree,Dipteryxoleifera,-1.303,-2.645,-1.342,NA
8,776,dry,Apr,watered,tree,Hieronymaalchorneoides,-0.59,-1.59,-1,NA
8,777,dry,Apr,watered,tree,Hieronymaalchorneoides,-0.602,-1.353,-0.751,NA
8,781,dry,Apr,watered,tree,Huracrepitans,-1.367,-1.577,-0.21,NA
8,720,dry,Apr,watered,tree,Swieteniamacrophylla,-1.309,-2.581,-1.272,NA
8,800,dry,Apr,watered,tree,Swieteniamacrophylla,-0.765,-3.172,-2.407,NA
8,732,dry,Apr,watered,tree,Terminaliaamazonia,-1.024,-1.472,-0.448,NA
8,728,dry,Mar,watered,liana,Callichlamyslatifolia,-0.499,-2.084,-1.585,NA
8,739,dry,Mar,watered,liana,Callichlamyslatifolia,-0.201,-1.801,-1.6,NA
8,728,dry,Mar,watered,liana,Callichlamyslatifolia,-0.583,-0.708,-0.125,5.87
8,703,dry,Mar,watered,liana,Davillakunthii,-0.465,-2.707,-2.242,NA
8,705,dry,Mar,watered,liana,Davillakunthii,-0.366,-1.796,-1.43,NA
8,705,dry,Mar,watered,liana,Davillakunthii,-0.441,-2.286,-1.845,3.25
8,707,dry,Mar,watered,liana,Doliocarpusmajor,-0.332,-1.943,-1.611,NA
8,709,dry,Mar,watered,liana,Doliocarpusmajor,-0.671,-2.085,-1.414,NA
8,707,dry,Mar,watered,liana,Doliocarpusmajor,-0.541,-1.56,-1.019,7.87
8,712,dry,Mar,watered,liana,Machaeriummilleflorum,-0.668,-1.197,-0.529,NA
8,787,dry,Mar,watered,liana,Machaeriummilleflorum,-0.401,-1.076,-0.675,NA
8,712,dry,Mar,watered,liana,Machaeriummilleflorum,-0.402,-1.93,-1.528,9.24
8,752,dry,Mar,watered,liana,Maripapanamensis,-0.703,-1.438,-0.735,NA
8,752,dry,Mar,watered,liana,Maripapanamensis,-0.771,-1.69,-0.919,5.91
8,734,dry,Mar,watered,liana,Paulliniapinnata,-0.777,-1.391,-0.614,NA
8,740,dry,Mar,watered,liana,Paulliniapinnata,-0.163,-1.081,-0.918,NA
8,734,dry,Mar,watered,liana,Paulliniapinnata,-0.85,-3.107,-2.257,5.79
8,762,dry,Mar,watered,tree,Dipteryxoleifera,-0.867,-2.341,-1.474,NA
8,791,dry,Mar,watered,tree,Dipteryxoleifera,-0.796,-2.338,-1.542,NA
8,762,dry,Mar,watered,tree,Dipteryxoleifera,-1.872,-2.647,-0.775,8.57
8,776,dry,Mar,watered,tree,Hieronymaalchorneoides,-0.887,-1.617,-0.73,NA
8,777,dry,Mar,watered,tree,Hieronymaalchorneoides,-0.578,-1.651,-1.073,NA
8,776,dry,Mar,watered,tree,Hieronymaalchorneoides,-1.399,-1.411,-0.012,2.03
8,781,dry,Mar,watered,tree,Huracrepitans,-0.585,-1.021,-0.436,NA
8,794,dry,Mar,watered,tree,Huracrepitans,-0.94,-1.819,-0.879,3.88
8,720,dry,Mar,watered,tree,Swieteniamacrophylla,-1.129,-2.786,-1.657,NA
8,800,dry,Mar,watered,tree,Swieteniamacrophylla,-0.873,-2.802,-1.929,NA
8,800,dry,Mar,watered,tree,Swieteniamacrophylla,-1.346,-2.886,-1.54,3.25
8,732,dry,Mar,watered,tree,Terminaliaamazonia,-0.305,-1.301,-0.996,NA
8,733,dry,Mar,watered,tree,Terminaliaamazonia,-0.842,-1.72,-0.878,NA
8,732,dry,Mar,watered,tree,Terminaliaamazonia,-0.103,-1.782,-1.679,2.55
8,728,transition,May,watered,liana,Callichlamyslatifolia,-0.24,-1.367,-1.127,NA
8,739,transition,May,watered,liana,Callichlamyslatifolia,-0.146,-0.628,-0.482,NA
8,703,transition,May,watered,liana,Davillakunthii,-0.081,-1.22,-1.139,NA
8,705,transition,May,watered,liana,Davillakunthii,-0.129,-0.756,-0.627,NA
8,707,transition,May,watered,liana,Doliocarpusmajor,-0.442,-1.022,-0.58,NA
8,709,transition,May,watered,liana,Doliocarpusmajor,-0.304,-1.019,-0.715,NA
8,712,transition,May,watered,liana,Machaeriummilleflorum,-0.275,-1.692,-1.417,NA
8,787,transition,May,watered,liana,Machaeriummilleflorum,-0.37,-1.292,-0.922,NA
8,752,transition,May,watered,liana,Maripapanamensis,-0.394,-1.35,-0.956,NA
8,734,transition,May,watered,liana,Paulliniapinnata,-0.327,-2.309,-1.982,NA
8,740,transition,May,watered,liana,Paulliniapinnata,-0.604,-1.608,-1.004,NA
8,762,transition,May,watered,tree,Dipteryxoleifera,-0.452,-1.35,-0.898,NA
8,791,transition,May,watered,tree,Dipteryxoleifera,-0.502,-1.95,-1.448,NA
8,776,transition,May,watered,tree,Hieronymaalchorneoides,-0.371,-0.905,-0.534,NA
8,777,transition,May,watered,tree,Hieronymaalchorneoides,-0.391,-0.916,-0.525,NA
8,781,transition,May,watered,tree,Huracrepitans,-0.358,-1.435,-1.077,NA
8,720,transition,May,watered,tree,Swieteniamacrophylla,-0.571,-2.37,-1.799,NA
8,800,transition,May,watered,tree,Swieteniamacrophylla,-0.641,-2.343,-1.702,NA
8,732,transition,May,watered,tree,Terminaliaamazonia,-0.337,-1.215,-0.878,NA
8,733,transition,May,watered,tree,Terminaliaamazonia,-0.261,-1.418,-1.157,NA
8,728,wet,Oct,watered,liana,Callichlamyslatifolia,-0.166,-1.309,-1.143,5.53
8,705,wet,Oct,watered,liana,Davillakunthii,-0.057,-0.878,-0.821,14.3
8,707,wet,Oct,watered,liana,Doliocarpusmajor,-0.204,-1.082,-0.878,12.6
8,712,wet,Oct,watered,liana,Machaeriummilleflorum,-0.107,-0.398,-0.291,7.47
8,752,wet,Oct,watered,liana,Maripapanamensis,-0.236,-1.311,-1.075,12.8
8,734,wet,Oct,watered,liana,Paulliniapinnata,-0.441,-0.792,-0.351,9.61
8,762,wet,Oct,watered,tree,Dipteryxoleifera,-0.237,-0.978,-0.741,10.7
8,776,wet,Oct,watered,tree,Hieronymaalchorneoides,-0.145,-1.067,-0.922,8.67
8,794,wet,Oct,watered,tree,Huracrepitans,-0.676,-1.646,-0.97,21.6
8,800,wet,Oct,watered,tree,Swieteniamacrophylla,-0.316,-0.822,-0.506,2.99
8,720,wet,Oct,watered,tree,Swieteniamacrophylla,-0.218,-1.554,-1.336,9.6
8,732,wet,Oct,watered,tree,Terminaliaamazonia,-0.45,-0.739,-0.289,14.6
8,728,wet,Sep,watered,liana,Callichlamyslatifolia,-0.241,-1.219,-0.978,NA
8,739,wet,Sep,watered,liana,Callichlamyslatifolia,-0.226,-1.078,-0.852,NA
8,703,wet,Sep,watered,liana,Davillakunthii,-0.063,-1.366,-1.303,NA
8,705,wet,Sep,watered,liana,Davillakunthii,-0.178,-1.602,-1.424,NA
8,707,wet,Sep,watered,liana,Doliocarpusmajor,-0.105,-1.453,-1.348,NA
8,709,wet,Sep,watered,liana,Doliocarpusmajor,-0.236,-1.47,-1.234,NA
8,712,wet,Sep,watered,liana,Machaeriummilleflorum,-0.402,-1.492,-1.09,NA
8,787,wet,Sep,watered,liana,Machaeriummilleflorum,-0.687,-1.113,-0.426,NA
8,752,wet,Sep,watered,liana,Maripapanamensis,-0.112,-1.502,-1.39,NA
8,734,wet,Sep,watered,liana,Paulliniapinnata,-0.762,-2.009,-1.247,NA
8,740,wet,Sep,watered,liana,Paulliniapinnata,-0.347,-2.159,-1.812,NA
8,762,wet,Sep,watered,tree,Dipteryxoleifera,-0.144,-1.436,-1.292,NA
8,791,wet,Sep,watered,tree,Dipteryxoleifera,-0.288,-0.901,-0.613,NA
8,776,wet,Sep,watered,tree,Hieronymaalchorneoides,-0.309,-0.981,-0.672,NA
8,777,wet,Sep,watered,tree,Hieronymaalchorneoides,-0.289,-0.692,-0.403,NA
8,781,wet,Sep,watered,tree,Huracrepitans,-0.247,-1.051,-0.804,NA
8,720,wet,Sep,watered,tree,Swieteniamacrophylla,-0.301,-1.298,-0.997,NA
8,800,wet,Sep,watered,tree,Swieteniamacrophylla,-0.434,-1.136,-0.702,NA
8,732,wet,Sep,watered,tree,Terminaliaamazonia,-0.119,-1.39,-1.271,NA
8,733,wet,Sep,watered,tree,Terminaliaamazonia,-0.681,-1.342,-0.661,NA
9,899,dry,Apr,watered,liana,Callichlamyslatifolia,-0.465,-1.534,-1.069,NA
9,831,dry,Apr,watered,liana,Davillakunthii,-0.812,-1.947,-1.135,NA
9,850,dry,Apr,watered,liana,Davillakunthii,-0.342,-2.752,-2.41,NA
9,882,dry,Apr,watered,liana,Doliocarpusmajor,-0.521,-1.634,-1.113,NA
9,890,dry,Apr,watered,liana,Doliocarpusmajor,-0.785,-2.892,-2.107,NA
9,829,dry,Apr,watered,liana,Machaeriummilleflorum,-0.485,-1.687,-1.202,NA
9,880,dry,Apr,watered,liana,Machaeriummilleflorum,-0.372,-1.05,-0.678,NA
9,819,dry,Apr,watered,liana,Maripapanamensis,-0.617,-0.676,-0.059,NA
9,883,dry,Apr,watered,liana,Paulliniapinnata,-0.544,-1.385,-0.841,NA
9,889,dry,Apr,watered,liana,Paulliniapinnata,-0.559,-2.213,-1.654,NA
9,838,dry,Apr,watered,tree,Hieronymaalchorneoides,-0.627,-1.451,-0.824,NA
9,854,dry,Apr,watered,tree,Hieronymaalchorneoides,-0.581,-1.224,-0.643,NA
9,858,dry,Apr,watered,tree,Huracrepitans,-0.961,-1.543,-0.582,NA
9,840,dry,Apr,watered,tree,Terminaliaamazonia,-0.592,-1.804,-1.212,NA
9,870,dry,Apr,watered,tree,Terminaliaamazonia,-0.776,-1.22,-0.444,NA
9,899,dry,Mar,watered,liana,Callichlamyslatifolia,-0.251,-1.177,-0.926,NA
9,899,dry,Mar,watered,liana,Callichlamyslatifolia,-0.625,-1.544,-0.919,6.07
9,831,dry,Mar,watered,liana,Davillakunthii,-0.967,-2.343,-1.376,NA
9,850,dry,Mar,watered,liana,Davillakunthii,-0.673,-2.487,-1.814,NA
9,831,dry,Mar,watered,liana,Davillakunthii,-0.615,-1.362,-0.747,6.34
9,882,dry,Mar,watered,liana,Doliocarpusmajor,-0.832,-1.966,-1.134,NA
9,890,dry,Mar,watered,liana,Doliocarpusmajor,-0.339,-2.204,-1.865,NA
9,882,dry,Mar,watered,liana,Doliocarpusmajor,-0.68,-1.704,-1.024,6.48
9,829,dry,Mar,watered,liana,Machaeriummilleflorum,-0.179,-1.27,-1.091,NA
9,880,dry,Mar,watered,liana,Machaeriummilleflorum,-0.156,-1.588,-1.432,NA
9,829,dry,Mar,watered,liana,Machaeriummilleflorum,-0.642,-1.183,-0.541,13.5
9,819,dry,Mar,watered,liana,Maripapanamensis,-0.463,-0.748,-0.285,NA
9,819,dry,Mar,watered,liana,Maripapanamensis,-0.771,-1.39,-0.619,2.06
9,883,dry,Mar,watered,liana,Paulliniapinnata,-0.381,-2.616,-2.235,NA
9,889,dry,Mar,watered,liana,Paulliniapinnata,-0.394,-2.593,-2.199,NA
9,883,dry,Mar,watered,liana,Paulliniapinnata,-0.566,-2.025,-1.459,2.97
9,818,dry,Mar,watered,tree,Crescentiacujete,-0.76,-1.456,-0.696,4.67
9,891,dry,Mar,watered,tree,Dipteryxoleifera,NA,NA,NA,3.01
9,838,dry,Mar,watered,tree,Hieronymaalchorneoides,-0.379,-0.881,-0.502,NA
9,854,dry,Mar,watered,tree,Hieronymaalchorneoides,-0.281,-1.544,-1.263,NA
9,854,dry,Mar,watered,tree,Hieronymaalchorneoides,-0.903,-1.451,-0.548,5.96
9,858,dry,Mar,watered,tree,Huracrepitans,-0.308,-0.871,-0.563,NA
9,858,dry,Mar,watered,tree,Huracrepitans,NA,NA,NA,NA
9,814,dry,Mar,watered,tree,Swieteniamacrophylla,-1.25,-2.853,-1.603,4.05
9,840,dry,Mar,watered,tree,Terminaliaamazonia,-0.464,-1.982,-1.518,NA
9,870,dry,Mar,watered,tree,Terminaliaamazonia,-0.548,-1.393,-0.845,NA
9,840,dry,Mar,watered,tree,Terminaliaamazonia,-2.099,-2.11,-0.011,0.887
9,899,transition,May,watered,liana,Callichlamyslatifolia,-0.324,-1.193,-0.869,NA
9,831,transition,May,watered,liana,Davillakunthii,-0.19,-1.95,-1.76,NA
9,850,transition,May,watered,liana,Davillakunthii,-0.449,-0.824,-0.375,NA
9,882,transition,May,watered,liana,Doliocarpusmajor,-0.393,-0.982,-0.589,NA
9,890,transition,May,watered,liana,Doliocarpusmajor,-0.11,-1.79,-1.68,NA
9,829,transition,May,watered,liana,Machaeriummilleflorum,-0.389,-1.594,-1.205,NA
9,880,transition,May,watered,liana,Machaeriummilleflorum,-0.164,-0.774,-0.61,NA
9,819,transition,May,watered,liana,Maripapanamensis,-0.541,-1.335,-0.794,NA
9,883,transition,May,watered,liana,Paulliniapinnata,-0.257,-3.107,-2.85,NA
9,889,transition,May,watered,liana,Paulliniapinnata,-0.46,-2.235,-1.775,NA
9,838,transition,May,watered,tree,Hieronymaalchorneoides,-0.402,-1.38,-0.978,NA
9,854,transition,May,watered,tree,Hieronymaalchorneoides,-0.391,-1.33,-0.939,NA
9,858,transition,May,watered,tree,Huracrepitans,-0.561,-1.048,-0.487,NA
9,840,transition,May,watered,tree,Terminaliaamazonia,-0.076,-0.916,-0.84,NA
9,870,transition,May,watered,tree,Terminaliaamazonia,-0.198,-1.875,-1.677,NA
9,899,wet,Oct,watered,liana,Callichlamyslatifolia,-0.141,-1.422,-1.281,10.6
9,831,wet,Oct,watered,liana,Davillakunthii,-0.108,-1.274,-1.166,9.38
9,882,wet,Oct,watered,liana,Doliocarpusmajor,-0.295,-1.859,-1.564,16.2
9,829,wet,Oct,watered,liana,Machaeriummilleflorum,-0.22,-0.518,-0.298,9.69
9,819,wet,Oct,watered,liana,Maripapanamensis,-0.213,-1.581,-1.368,5.1
9,883,wet,Oct,watered,liana,Paulliniapinnata,-0.075,-2.429,-2.354,17.8
9,818,wet,Oct,watered,tree,Crescentiacujete,-0.158,-1.08,-0.922,2.91
9,891,wet,Oct,watered,tree,Dipteryxoleifera,-0.113,-0.484,-0.371,12.4
9,854,wet,Oct,watered,tree,Hieronymaalchorneoides,-0.149,-0.818,-0.669,12.8
9,858,wet,Oct,watered,tree,Huracrepitans,-0.379,-0.828,-0.449,17.1
9,814,wet,Oct,watered,tree,Swieteniamacrophylla,-0.209,-2.103,-1.894,6.79
9,840,wet,Oct,watered,tree,Terminaliaamazonia,-0.115,-0.731,-0.616,14.7
9,899,wet,Sep,watered,liana,Callichlamyslatifolia,-0.29,-1.34,-1.05,NA
9,831,wet,Sep,watered,liana,Davillakunthii,-0.028,-1.015,-0.987,NA
9,850,wet,Sep,watered,liana,Davillakunthii,-0.064,-1.263,-1.199,NA
9,882,wet,Sep,watered,liana,Doliocarpusmajor,-0.037,-1.215,-1.178,NA
9,890,wet,Sep,watered,liana,Doliocarpusmajor,-0.036,-1.114,-1.078,NA
9,829,wet,Sep,watered,liana,Machaeriummilleflorum,-0.146,-0.874,-0.728,NA
9,880,wet,Sep,watered,liana,Machaeriummilleflorum,-0.098,-0.446,-0.348,NA
9,819,wet,Sep,watered,liana,Maripapanamensis,-0.042,-1.342,-1.3,NA
9,883,wet,Sep,watered,liana,Paulliniapinnata,-0.126,-0.756,-0.63,NA
9,889,wet,Sep,watered,liana,Paulliniapinnata,-0.285,-0.829,-0.544,NA
9,838,wet,Sep,watered,tree,Hieronymaalchorneoides,-0.144,-0.849,-0.705,NA
9,854,wet,Sep,watered,tree,Hieronymaalchorneoides,-0.038,-0.988,-0.95,NA
9,858,wet,Sep,watered,tree,Huracrepitans,-0.188,-0.664,-0.476,NA
9,840,wet,Sep,watered,tree,Terminaliaamazonia,-0.028,-0.624,-0.596,NA
9,870,wet,Sep,watered,tree,Terminaliaamazonia,-0.064,-0.694,-0.63,NA
10,904,dry,Apr,unwatered,liana,Callichlamyslatifolia,-0.388,-1.688,-1.3,NA
10,971,dry,Apr,unwatered,liana,Callichlamyslatifolia,-0.167,-1.902,-1.735,NA
10,912,dry,Apr,unwatered,liana,Davillakunthii,-0.671,-2.234,-1.563,NA
10,950,dry,Apr,unwatered,liana,Davillakunthii,-0.883,-2.18,-1.297,NA
10,916,dry,Apr,unwatered,liana,Doliocarpusmajor,-0.736,-1.451,-0.715,NA
10,920,dry,Apr,unwatered,liana,Doliocarpusmajor,-0.622,-1.801,-1.179,NA
10,960,dry,Apr,unwatered,liana,Machaeriummilleflorum,-0.7,-1.796,-1.096,NA
10,969,dry,Apr,unwatered,liana,Machaeriummilleflorum,-0.669,-1.782,-1.113,NA
10,966,dry,Apr,unwatered,liana,Maripapanamensis,-0.362,-1.7,-1.338,NA
10,967,dry,Apr,unwatered,liana,Paulliniapinnata,-0.984,-1.481,-0.497,NA
10,968,dry,Apr,unwatered,tree,Crescentiacujete,-1.062,-2.194,-1.132,NA
10,993,dry,Apr,unwatered,tree,Crescentiacujete,-0.646,-2.004,-1.358,NA
10,962,dry,Apr,unwatered,tree,Dipteryxoleifera,-1.924,-3.469,-1.545,NA
10,944,dry,Apr,unwatered,tree,Hieronymaalchorneoides,-1.282,-1.762,-0.48,NA
10,975,dry,Apr,unwatered,tree,Huracrepitans,-0.814,-1.582,-0.768,NA
10,978,dry,Apr,unwatered,tree,Huracrepitans,-0.917,-1.251,-0.334,NA
10,938,dry,Apr,unwatered,tree,Swieteniamacrophylla,-1.401,-2.282,-0.881,NA
10,985,dry,Apr,unwatered,tree,Terminaliaamazonia,-1.485,-2.19,-0.705,NA
10,999,dry,Apr,unwatered,tree,Terminaliaamazonia,-1.007,-1.763,-0.756,NA
10,904,dry,Mar,unwatered,liana,Callichlamyslatifolia,-0.537,-1.389,-0.852,NA
10,971,dry,Mar,unwatered,liana,Callichlamyslatifolia,-0.109,-1.48,-1.371,NA
10,971,dry,Mar,unwatered,liana,Callichlamyslatifolia,-0.591,-0.736,-0.145,14.1
10,912,dry,Mar,unwatered,liana,Davillakunthii,-0.591,-2.179,-1.588,NA
10,950,dry,Mar,unwatered,liana,Davillakunthii,-0.712,-1.79,-1.078,NA
10,912,dry,Mar,unwatered,liana,Davillakunthii,-0.351,-2.102,-1.751,4.11
10,916,dry,Mar,unwatered,liana,Doliocarpusmajor,-1.153,-2.537,-1.384,NA
10,920,dry,Mar,unwatered,liana,Doliocarpusmajor,-0.459,-1.561,-1.102,NA
10,916,dry,Mar,unwatered,liana,Doliocarpusmajor,-0.67,-1.409,-0.739,1.36
10,960,dry,Mar,unwatered,liana,Machaeriummilleflorum,-0.308,-1.603,-1.295,NA
10,969,dry,Mar,unwatered,liana,Machaeriummilleflorum,-0.294,-1.753,-1.459,NA
10,966,dry,Mar,unwatered,liana,Maripapanamensis,-0.498,-1.827,-1.329,NA
10,966,dry,Mar,unwatered,liana,Maripapanamensis,-0.781,-1.409,-0.628,7.43
10,967,dry,Mar,unwatered,liana,Paulliniapinnata,-0.575,-2.334,-1.759,NA
10,967,dry,Mar,unwatered,liana,Paulliniapinnata,-0.72,-2.545,-1.825,16.2
10,968,dry,Mar,unwatered,tree,Crescentiacujete,-0.664,-2.033,-1.369,NA
10,993,dry,Mar,unwatered,tree,Crescentiacujete,-0.687,-1.674,-0.987,NA
10,968,dry,Mar,unwatered,tree,Crescentiacujete,-0.69,-2.219,-1.529,14.9
10,962,dry,Mar,unwatered,tree,Dipteryxoleifera,-0.972,-3.665,-2.693,NA
10,962,dry,Mar,unwatered,tree,Dipteryxoleifera,NA,NA,NA,NA
10,944,dry,Mar,unwatered,tree,Hieronymaalchorneoides,-0.666,-1.443,-0.777,NA
10,944,dry,Mar,unwatered,tree,Hieronymaalchorneoides,-1.566,-1.948,-0.382,7.71
10,975,dry,Mar,unwatered,tree,Huracrepitans,-0.724,-0.913,-0.189,NA
10,978,dry,Mar,unwatered,tree,Huracrepitans,-0.853,-1.151,-0.298,NA
10,978,dry,Mar,unwatered,tree,Huracrepitans,NA,NA,NA,NA
10,938,dry,Mar,unwatered,tree,Swieteniamacrophylla,-0.987,-2.409,-1.422,NA
10,938,dry,Mar,unwatered,tree,Swieteniamacrophylla,-1.092,-2.616,-1.524,0.345
10,985,dry,Mar,unwatered,tree,Terminaliaamazonia,-0.585,-2.182,-1.597,NA
10,999,dry,Mar,unwatered,tree,Terminaliaamazonia,-0.498,-1.666,-1.168,NA
10,985,dry,Mar,unwatered,tree,Terminaliaamazonia,-0.947,-1.563,-0.616,12.2
10,904,transition,May,unwatered,liana,Callichlamyslatifolia,-0.427,-1.463,-1.036,NA
10,971,transition,May,unwatered,liana,Callichlamyslatifolia,-0.334,-1.202,-0.868,NA
10,912,transition,May,unwatered,liana,Davillakunthii,-0.148,-1.802,-1.654,NA
10,950,transition,May,unwatered,liana,Davillakunthii,-0.142,-1.993,-1.851,NA
10,916,transition,May,unwatered,liana,Doliocarpusmajor,-0.436,-1.207,-0.771,NA
10,920,transition,May,unwatered,liana,Doliocarpusmajor,-0.469,-1.47,-1.001,NA
10,960,transition,May,unwatered,liana,Machaeriummilleflorum,-0.521,-1.691,-1.17,NA
10,969,transition,May,unwatered,liana,Machaeriummilleflorum,-0.238,-0.566,-0.328,NA
10,966,transition,May,unwatered,liana,Maripapanamensis,-0.401,-1.671,-1.27,NA
10,967,transition,May,unwatered,liana,Paulliniapinnata,-0.342,-2.233,-1.891,NA
10,968,transition,May,unwatered,tree,Crescentiacujete,-0.203,-1.891,-1.688,NA
10,993,transition,May,unwatered,tree,Crescentiacujete,-0.178,-1.402,-1.224,NA
10,962,transition,May,unwatered,tree,Dipteryxoleifera,-0.351,-2.339,-1.988,NA
10,944,transition,May,unwatered,tree,Hieronymaalchorneoides,-0.47,-1.701,-1.231,NA
10,978,transition,May,unwatered,tree,Huracrepitans,-0.602,-0.893,-0.291,NA
10,938,transition,May,unwatered,tree,Swieteniamacrophylla,-0.344,-1.843,-1.499,NA
10,985,transition,May,unwatered,tree,Terminaliaamazonia,-0.265,-1.442,-1.177,NA
10,999,transition,May,unwatered,tree,Terminaliaamazonia,-0.381,-1.344,-0.963,NA
10,904,wet,Oct,unwatered,liana,Callichlamyslatifolia,-0.191,-1.418,-1.227,14.1
10,971,wet,Oct,unwatered,liana,Callichlamyslatifolia,-0.116,-0.775,-0.659,6.62
10,912,wet,Oct,unwatered,liana,Davillakunthii,-0.125,-1.141,-1.016,18.1
10,916,wet,Oct,unwatered,liana,Doliocarpusmajor,-0.307,-1.187,-0.88,12.9
10,966,wet,Oct,unwatered,liana,Maripapanamensis,-0.146,-1.481,-1.335,16.4
10,967,wet,Oct,unwatered,liana,Paulliniapinnata,-0.185,-1.768,-1.583,19.1
10,968,wet,Oct,unwatered,tree,Crescentiacujete,-0.322,-1.013,-0.691,10.3
10,962,wet,Oct,unwatered,tree,Dipteryxoleifera,-0.101,-1.323,-1.222,7.45
10,944,wet,Oct,unwatered,tree,Hieronymaalchorneoides,-0.114,-1.1,-0.986,9.74
10,978,wet,Oct,unwatered,tree,Huracrepitans,-0.493,-0.857,-0.364,14.4
10,938,wet,Oct,unwatered,tree,Swieteniamacrophylla,-0.302,-2.378,-2.076,7.83
10,985,wet,Oct,unwatered,tree,Terminaliaamazonia,-0.167,-1.68,-1.513,11.9
10,904,wet,Sep,unwatered,liana,Callichlamyslatifolia,-0.118,-0.938,-0.82,NA
10,971,wet,Sep,unwatered,liana,Callichlamyslatifolia,-0.173,-0.774,-0.601,NA
10,912,wet,Sep,unwatered,liana,Davillakunthii,-0.062,-1.135,-1.073,NA
10,950,wet,Sep,unwatered,liana,Davillakunthii,-0.069,-1.862,-1.793,NA
10,916,wet,Sep,unwatered,liana,Doliocarpusmajor,-0.04,-1.431,-1.391,NA
10,920,wet,Sep,unwatered,liana,Doliocarpusmajor,-0.05,-1.113,-1.063,NA
10,960,wet,Sep,unwatered,liana,Machaeriummilleflorum,-0.049,-1.092,-1.043,NA
10,969,wet,Sep,unwatered,liana,Machaeriummilleflorum,-0.117,-1.467,-1.35,NA
10,966,wet,Sep,unwatered,liana,Maripapanamensis,-0.106,-1.341,-1.235,NA
10,967,wet,Sep,unwatered,liana,Paulliniapinnata,-0.329,-1.15,-0.821,NA
10,968,wet,Sep,unwatered,tree,Crescentiacujete,-0.141,-0.935,-0.794,NA
10,993,wet,Sep,unwatered,tree,Crescentiacujete,-0.093,-1.38,-1.287,NA
10,962,wet,Sep,unwatered,tree,Dipteryxoleifera,-0.117,-0.949,-0.832,NA
10,944,wet,Sep,unwatered,tree,Hieronymaalchorneoides,-0.07,-1.009,-0.939,NA
10,975,wet,Sep,unwatered,tree,Huracrepitans,-0.328,-0.481,-0.153,NA
10,978,wet,Sep,unwatered,tree,Huracrepitans,-0.269,-0.426,-0.157,NA
10,938,wet,Sep,unwatered,tree,Swieteniamacrophylla,-0.066,-2.042,-1.976,NA
10,985,wet,Sep,unwatered,tree,Terminaliaamazonia,-0.095,-1.612,-1.517,NA
10,999,wet,Sep,unwatered,tree,Terminaliaamazonia,-0.095,-1.051,-0.956,NA
11,1072,dry,Apr,watered,liana,Callichlamyslatifolia,-0.871,-1.575,-0.704,NA
11,1073,dry,Apr,watered,liana,Callichlamyslatifolia,-0.402,-2.372,-1.97,NA
11,1049,dry,Apr,watered,liana,Davillakunthii,-0.351,-1.532,-1.181,NA
11,1095,dry,Apr,watered,liana,Davillakunthii,-0.293,-1.569,-1.276,NA
11,1013,dry,Apr,watered,liana,Doliocarpusmajor,-0.832,-1.451,-0.619,NA
11,1016,dry,Apr,watered,liana,Doliocarpusmajor,-0.479,-2.062,-1.583,NA
11,1077,dry,Apr,watered,liana,Machaeriummilleflorum,-0.45,-2.146,-1.696,NA
11,1085,dry,Apr,watered,liana,Machaeriummilleflorum,-0.351,-1.133,-0.782,NA
11,1074,dry,Apr,watered,liana,Maripapanamensis,-1.064,-1.633,-0.569,NA
11,1076,dry,Apr,watered,liana,Maripapanamensis,-1.272,-1.748,-0.476,NA
11,1028,dry,Apr,watered,liana,Paulliniapinnata,-0.743,-2.556,-1.813,NA
11,1084,dry,Apr,watered,liana,Paulliniapinnata,-0.425,-1.682,-1.257,NA
11,1048,dry,Apr,watered,tree,Crescentiacujete,-0.652,-1.43,-0.778,NA
11,1080,dry,Apr,watered,tree,Crescentiacujete,-0.954,-1.666,-0.712,NA
11,1052,dry,Apr,watered,tree,Dipteryxoleifera,-0.402,-1.892,-1.49,NA
11,1058,dry,Apr,watered,tree,Dipteryxoleifera,-0.682,-1.588,-0.906,NA
11,1004,dry,Apr,watered,tree,Hieronymaalchorneoides,-1.235,-1.401,-0.166,NA
11,1086,dry,Apr,watered,tree,Hieronymaalchorneoides,-0.461,-1.391,-0.93,NA
11,1067,dry,Apr,watered,tree,Huracrepitans,-0.986,-1.262,-0.276,NA
11,1059,dry,Apr,watered,tree,Swieteniamacrophylla,-0.883,-2.243,-1.36,NA
11,1005,dry,Apr,watered,tree,Terminaliaamazonia,-0.545,-0.875,-0.33,NA
11,1010,dry,Apr,watered,tree,Terminaliaamazonia,-0.995,-1.755,-0.76,NA
11,1072,dry,Mar,watered,liana,Callichlamyslatifolia,-0.357,-1.276,-0.919,NA
11,1073,dry,Mar,watered,liana,Callichlamyslatifolia,-0.902,-1.782,-0.88,NA
11,1073,dry,Mar,watered,liana,Callichlamyslatifolia,-0.44,-1.63,-1.19,8.24
11,1049,dry,Mar,watered,liana,Davillakunthii,-0.636,-1.782,-1.146,NA
11,1095,dry,Mar,watered,liana,Davillakunthii,-0.243,-1.315,-1.072,NA
11,1049,dry,Mar,watered,liana,Davillakunthii,-0.702,-2.437,-1.735,10.5
11,1013,dry,Mar,watered,liana,Doliocarpusmajor,-0.129,-1.38,-1.251,NA
11,1016,dry,Mar,watered,liana,Doliocarpusmajor,-0.237,-0.45,-0.213,NA
11,1013,dry,Mar,watered,liana,Doliocarpusmajor,-0.66,-1.833,-1.173,10.3
11,1077,dry,Mar,watered,liana,Machaeriummilleflorum,-0.591,-1.282,-0.691,NA
11,1085,dry,Mar,watered,liana,Machaeriummilleflorum,-0.438,-2.203,-1.765,NA
11,1077,dry,Mar,watered,liana,Machaeriummilleflorum,-0.516,-1.998,-1.482,15.8
11,1074,dry,Mar,watered,liana,Maripapanamensis,-0.742,-1.871,-1.129,NA
11,1076,dry,Mar,watered,liana,Maripapanamensis,-0.658,-1.324,-0.666,NA
11,1074,dry,Mar,watered,liana,Maripapanamensis,-1.01,-1.452,-0.442,4.86
11,1028,dry,Mar,watered,liana,Paulliniapinnata,-0.853,-2.812,-1.959,NA
11,1084,dry,Mar,watered,liana,Paulliniapinnata,-0.941,-2.181,-1.24,NA
11,1028,dry,Mar,watered,liana,Paulliniapinnata,-0.601,-1.113,-0.512,11.6
11,1048,dry,Mar,watered,tree,Crescentiacujete,-0.653,-1.597,-0.944,NA
11,1080,dry,Mar,watered,tree,Crescentiacujete,-0.298,-2.101,-1.803,NA
11,1068,dry,Mar,watered,tree,Crescentiacujete,-0.794,-1.771,-0.977,2.63
11,1052,dry,Mar,watered,tree,Dipteryxoleifera,-0.372,-1.473,-1.101,NA
11,1058,dry,Mar,watered,tree,Dipteryxoleifera,-0.794,-1.622,-0.828,NA
11,1058,dry,Mar,watered,tree,Dipteryxoleifera,-1.901,-3.361,-1.46,3.44
11,1004,dry,Mar,watered,tree,Hieronymaalchorneoides,-0.127,-0.854,-0.727,NA
11,1086,dry,Mar,watered,tree,Hieronymaalchorneoides,-0.196,-1.301,-1.105,NA
11,1086,dry,Mar,watered,tree,Hieronymaalchorneoides,-1.941,-2.162,-0.221,1.85
11,1067,dry,Mar,watered,tree,Huracrepitans,-0.283,-0.754,-0.471,NA
11,1067,dry,Mar,watered,tree,Huracrepitans,NA,NA,NA,NA
11,1059,dry,Mar,watered,tree,Swieteniamacrophylla,-0.372,-1.903,-1.531,NA
11,1059,dry,Mar,watered,tree,Swieteniamacrophylla,NA,NA,NA,NA
11,1005,dry,Mar,watered,tree,Terminaliaamazonia,-0.671,-1.678,-1.007,NA
11,1010,dry,Mar,watered,tree,Terminaliaamazonia,-0.825,-2.191,-1.366,NA
11,1010,dry,Mar,watered,tree,Terminaliaamazonia,-1.245,-2.137,-0.892,14
11,1072,transition,May,watered,liana,Callichlamyslatifolia,-0.334,-1.134,-0.8,NA
11,1073,transition,May,watered,liana,Callichlamyslatifolia,-0.087,-1.336,-1.249,NA
11,1049,transition,May,watered,liana,Davillakunthii,-0.095,-1.642,-1.547,NA
11,1095,transition,May,watered,liana,Davillakunthii,-0.096,-1.305,-1.209,NA
11,1013,transition,May,watered,liana,Doliocarpusmajor,-0.19,-1.284,-1.094,NA
11,1016,transition,May,watered,liana,Doliocarpusmajor,-0.156,-1.67,-1.514,NA
11,1077,transition,May,watered,liana,Machaeriummilleflorum,-0.328,-0.861,-0.533,NA
11,1085,transition,May,watered,liana,Machaeriummilleflorum,-0.272,-1.581,-1.309,NA
11,1074,transition,May,watered,liana,Maripapanamensis,-0.416,-0.792,-0.376,NA
11,1076,transition,May,watered,liana,Maripapanamensis,-0.067,-1.616,-1.549,NA
11,1028,transition,May,watered,liana,Paulliniapinnata,-0.274,-2.195,-1.921,NA
11,1084,transition,May,watered,liana,Paulliniapinnata,-0.202,-2.124,-1.922,NA
11,1048,transition,May,watered,tree,Crescentiacujete,-0.401,-1.381,-0.98,NA
11,1080,transition,May,watered,tree,Crescentiacujete,-0.243,-1.592,-1.349,NA
11,1052,transition,May,watered,tree,Dipteryxoleifera,-0.444,-1.858,-1.414,NA
11,1058,transition,May,watered,tree,Dipteryxoleifera,-0.415,-1.406,-0.991,NA
11,1004,transition,May,watered,tree,Hieronymaalchorneoides,-0.296,-1.202,-0.906,NA
11,1086,transition,May,watered,tree,Hieronymaalchorneoides,-0.377,-1.219,-0.842,NA
11,1067,transition,May,watered,tree,Huracrepitans,-0.623,-1.254,-0.631,NA
11,1059,transition,May,watered,tree,Swieteniamacrophylla,-0.561,-2.13,-1.569,NA
11,1005,transition,May,watered,tree,Terminaliaamazonia,-0.223,-1.167,-0.944,NA
11,1010,transition,May,watered,tree,Terminaliaamazonia,-0.188,-0.905,-0.717,NA
11,1073,wet,Oct,watered,liana,Callichlamyslatifolia,-0.202,-0.62,-0.418,6.46
11,1049,wet,Oct,watered,liana,Davillakunthii,-0.071,-1.433,-1.362,12.1
11,1013,wet,Oct,watered,liana,Doliocarpusmajor,-0.186,-1.37,-1.184,9.15
11,1077,wet,Oct,watered,liana,Machaeriummilleflorum,-0.241,-1.712,-1.471,15
11,1074,wet,Oct,watered,liana,Maripapanamensis,-0.196,-1.694,-1.498,12.3
11,1028,wet,Oct,watered,liana,Paulliniapinnata,-0.313,-2.219,-1.906,10.3
11,1068,wet,Oct,watered,tree,Crescentiacujete,-0.244,-1.421,-1.177,2.16
11,1058,wet,Oct,watered,tree,Dipteryxoleifera,-0.195,-0.206,-0.011,8.16
11,1086,wet,Oct,watered,tree,Hieronymaalchorneoides,-0.244,-1.421,-1.177,2.16
11,1067,wet,Oct,watered,tree,Huracrepitans,-0.453,-0.517,-0.064,14.9
11,1059,wet,Oct,watered,tree,Swieteniamacrophylla,-0.325,-2.541,-2.216,9.44
11,1010,wet,Oct,watered,tree,Terminaliaamazonia,-0.141,-1.043,-0.902,5.93
11,1072,wet,Sep,watered,liana,Callichlamyslatifolia,-0.373,-1.63,-1.257,NA
11,1073,wet,Sep,watered,liana,Callichlamyslatifolia,-0.275,-0.651,-0.376,NA
11,1049,wet,Sep,watered,liana,Davillakunthii,-0.079,-1.183,-1.104,NA
11,1095,wet,Sep,watered,liana,Davillakunthii,-0.116,-0.984,-0.868,NA
11,1013,wet,Sep,watered,liana,Doliocarpusmajor,-0.14,-1.26,-1.12,NA
11,1016,wet,Sep,watered,liana,Doliocarpusmajor,-0.079,-1.971,-1.892,NA
11,1077,wet,Sep,watered,liana,Machaeriummilleflorum,-0.2,-1.729,-1.529,NA
11,1085,wet,Sep,watered,liana,Machaeriummilleflorum,-0.229,-0.662,-0.433,NA
11,1074,wet,Sep,watered,liana,Maripapanamensis,-0.289,-1.191,-0.902,NA
11,1076,wet,Sep,watered,liana,Maripapanamensis,-0.044,-0.688,-0.644,NA
11,1028,wet,Sep,watered,liana,Paulliniapinnata,-0.422,-1.521,-1.099,NA
11,1084,wet,Sep,watered,liana,Paulliniapinnata,-0.207,-1.303,-1.096,NA
11,1048,wet,Sep,watered,tree,Crescentiacujete,-0.078,-1.303,-1.225,NA
11,1080,wet,Sep,watered,tree,Crescentiacujete,-0.167,-1.41,-1.243,NA
11,1052,wet,Sep,watered,tree,Dipteryxoleifera,-0.222,-1.138,-0.916,NA
11,1058,wet,Sep,watered,tree,Dipteryxoleifera,-0.232,-1.283,-1.051,NA
11,1004,wet,Sep,watered,tree,Hieronymaalchorneoides,-0.169,-0.614,-0.445,NA
11,1086,wet,Sep,watered,tree,Hieronymaalchorneoides,-0.166,-0.813,-0.647,NA
11,1067,wet,Sep,watered,tree,Huracrepitans,-0.467,-0.587,-0.12,NA
11,1059,wet,Sep,watered,tree,Swieteniamacrophylla,-0.098,-2.378,-2.28,NA
11,1005,wet,Sep,watered,tree,Terminaliaamazonia,-0.052,-1.127,-1.075,NA
11,1010,wet,Sep,watered,tree,Terminaliaamazonia,-0.075,-1.502,-1.427,NA
12,1107,dry,Apr,unwatered,liana,Davillakunthii,-0.731,-2.309,-1.578,NA
12,1130,dry,Apr,unwatered,liana,Davillakunthii,-0.245,-1.863,-1.618,NA
12,1111,dry,Apr,unwatered,liana,Doliocarpusmajor,-0.845,-1.785,-0.94,NA
12,1151,dry,Apr,unwatered,liana,Doliocarpusmajor,-1.491,-1.621,-0.13,NA
12,1143,dry,Apr,unwatered,liana,Machaeriummilleflorum,-0.448,-1.653,-1.205,NA
12,1189,dry,Apr,unwatered,liana,Machaeriummilleflorum,-0.248,-1.21,-0.962,NA
12,1102,dry,Apr,unwatered,liana,Maripapanamensis,-0.344,-1.601,-1.257,NA
12,1198,dry,Apr,unwatered,liana,Maripapanamensis,-0.578,-1.645,-1.067,NA
12,1136,dry,Apr,unwatered,liana,Paulliniapinnata,-0.842,-2.398,-1.556,NA
12,1180,dry,Apr,unwatered,liana,Paulliniapinnata,-1.292,-2.1,-0.808,NA
12,1122,dry,Apr,unwatered,tree,Crescentiacujete,NA,NA,NA,NA
12,1141,dry,Apr,unwatered,tree,Dipteryxoleifera,-2.097,-3.572,-1.475,NA
12,1186,dry,Apr,unwatered,tree,Dipteryxoleifera,-2.036,-3.078,-1.042,NA
12,1179,dry,Apr,unwatered,tree,Hieronymaalchorneoides,-1.02,-1.767,-0.747,NA
12,1193,dry,Apr,unwatered,tree,Hieronymaalchorneoides,-2.392,-2.35,0.042,NA
12,1110,dry,Apr,unwatered,tree,Huracrepitans,-0.896,-1.035,-0.139,NA
12,1150,dry,Apr,unwatered,tree,Huracrepitans,-1.003,-1.291,-0.288,NA
12,1184,dry,Apr,unwatered,tree,Swieteniamacrophylla,-1.23,-2.51,-1.28,NA
12,1197,dry,Apr,unwatered,tree,Swieteniamacrophylla,-1.872,-3.065,-1.193,NA
12,1101,dry,Apr,unwatered,tree,Terminaliaamazonia,-0.225,-1.902,-1.677,NA
12,1187,dry,Apr,unwatered,tree,Terminaliaamazonia,-1.725,-2.127,-0.402,NA
12,1190,dry,Mar,unwatered,liana,Callichlamyslatifolia,NA,NA,NA,NA
12,1107,dry,Mar,unwatered,liana,Davillakunthii,-0.541,-2.229,-1.688,NA
12,1130,dry,Mar,unwatered,liana,Davillakunthii,-0.197,-2.501,-2.304,NA
12,1107,dry,Mar,unwatered,liana,Davillakunthii,-0.238,-1.261,-1.023,17.2
12,1111,dry,Mar,unwatered,liana,Doliocarpusmajor,-0.392,-1.601,-1.209,NA
12,1151,dry,Mar,unwatered,liana,Doliocarpusmajor,-0.237,-1.882,-1.645,NA
12,1151,dry,Mar,unwatered,liana,Doliocarpusmajor,-0.314,-1.531,-1.217,11.7
12,1143,dry,Mar,unwatered,liana,Machaeriummilleflorum,-0.439,-1.804,-1.365,NA
12,1189,dry,Mar,unwatered,liana,Machaeriummilleflorum,-0.221,-2.201,-1.98,NA
12,1143,dry,Mar,unwatered,liana,Machaeriummilleflorum,-0.55,-1.981,-1.431,15.1
12,1102,dry,Mar,unwatered,liana,Maripapanamensis,-0.127,-2.008,-1.881,NA
12,1198,dry,Mar,unwatered,liana,Maripapanamensis,-0.898,-1.401,-0.503,NA
12,1198,dry,Mar,unwatered,liana,Maripapanamensis,-0.678,-1.28,-0.602,4.07
12,1136,dry,Mar,unwatered,liana,Paulliniapinnata,-0.449,-2.043,-1.594,NA
12,1180,dry,Mar,unwatered,liana,Paulliniapinnata,-0.649,-2.423,-1.774,NA
12,1136,dry,Mar,unwatered,liana,Paulliniapinnata,-0.501,-2.002,-1.501,5.02
12,1122,dry,Mar,unwatered,tree,Crescentiacujete,-0.148,-2.003,-1.855,NA
12,1131,dry,Mar,unwatered,tree,Crescentiacujete,-0.561,-1.401,-0.84,6.07
12,1141,dry,Mar,unwatered,tree,Dipteryxoleifera,-0.219,-2.801,-2.582,NA
12,1186,dry,Mar,unwatered,tree,Dipteryxoleifera,-1.632,-3.003,-1.371,NA
12,1186,dry,Mar,unwatered,tree,Dipteryxoleifera,NA,NA,NA,6.16
12,1179,dry,Mar,unwatered,tree,Hieronymaalchorneoides,-1.508,-1.852,-0.344,NA
12,1193,dry,Mar,unwatered,tree,Hieronymaalchorneoides,-1.057,-1.302,-0.245,NA
12,1193,dry,Mar,unwatered,tree,Hieronymaalchorneoides,-1.181,-1.252,-0.071,0.753
12,1110,dry,Mar,unwatered,tree,Huracrepitans,-0.451,-1.45,-0.999,NA
12,1150,dry,Mar,unwatered,tree,Huracrepitans,-1.031,-1.38,-0.349,NA
12,1110,dry,Mar,unwatered,tree,Huracrepitans,-0.462,-1.657,-1.195,11.7
12,1184,dry,Mar,unwatered,tree,Swieteniamacrophylla,-1.173,-2.879,-1.706,NA
12,1197,dry,Mar,unwatered,tree,Swieteniamacrophylla,-2.092,-2.762,-0.67,NA
12,1184,dry,Mar,unwatered,tree,Swieteniamacrophylla,-1.088,-1.88,-0.792,4.54
12,1101,dry,Mar,unwatered,tree,Terminaliaamazonia,-0.203,-1.841,-1.638,NA
12,1187,dry,Mar,unwatered,tree,Terminaliaamazonia,-0.758,-2.178,-1.42,NA
12,1101,dry,Mar,unwatered,tree,Terminaliaamazonia,-0.629,-0.932,-0.303,8.96
12,1107,transition,May,unwatered,liana,Davillakunthii,-0.196,-1.322,-1.126,NA
12,1130,transition,May,unwatered,liana,Davillakunthii,-0.812,-2.463,-1.651,NA
12,1111,transition,May,unwatered,liana,Doliocarpusmajor,-0.087,-1.195,-1.108,NA
12,1151,transition,May,unwatered,liana,Doliocarpusmajor,-0.311,-1.454,-1.143,NA
12,1143,transition,May,unwatered,liana,Machaeriummilleflorum,-0.251,-1.808,-1.557,NA
12,1189,transition,May,unwatered,liana,Machaeriummilleflorum,-0.347,-0.627,-0.28,NA
12,1102,transition,May,unwatered,liana,Maripapanamensis,-0.271,-1.611,-1.34,NA
12,1198,transition,May,unwatered,liana,Maripapanamensis,-0.337,-1.48,-1.143,NA
12,1136,transition,May,unwatered,liana,Paulliniapinnata,-0.33,-2.273,-1.943,NA
12,1180,transition,May,unwatered,liana,Paulliniapinnata,-0.268,-1.582,-1.314,NA
12,1122,transition,May,unwatered,tree,Crescentiacujete,-0.301,-1.501,-1.2,NA
12,1141,transition,May,unwatered,tree,Dipteryxoleifera,-0.367,-0.88,-0.513,NA
12,1186,transition,May,unwatered,tree,Dipteryxoleifera,-0.383,-1.503,-1.12,NA
12,1179,transition,May,unwatered,tree,Hieronymaalchorneoides,-0.502,-1.206,-0.704,NA
12,1193,transition,May,unwatered,tree,Hieronymaalchorneoides,-0.319,-1.077,-0.758,NA
12,1110,transition,May,unwatered,tree,Huracrepitans,-0.481,-0.902,-0.421,NA
12,1150,transition,May,unwatered,tree,Huracrepitans,-0.443,-1.152,-0.709,NA
12,1184,transition,May,unwatered,tree,Swieteniamacrophylla,-0.532,-2.212,-1.68,NA
12,1197,transition,May,unwatered,tree,Swieteniamacrophylla,-0.181,-1.904,-1.723,NA
12,1101,transition,May,unwatered,tree,Terminaliaamazonia,-0.202,-1.158,-0.956,NA
12,1187,transition,May,unwatered,tree,Terminaliaamazonia,-0.206,-1.163,-0.957,NA
12,1190,wet,Oct,unwatered,liana,Callichlamyslatifolia,-0.176,-1.471,-1.295,4.3
12,1107,wet,Oct,unwatered,liana,Davillakunthii,-0.098,-1.371,-1.273,13.8
12,1151,wet,Oct,unwatered,liana,Doliocarpusmajor,-0.181,-1.459,-1.278,11.2
12,1143,wet,Oct,unwatered,liana,Machaeriummilleflorum,-0.224,-1.474,-1.25,10.1
12,1198,wet,Oct,unwatered,liana,Maripapanamensis,-0.202,-0.824,-0.622,11.02
12,1136,wet,Oct,unwatered,liana,Paulliniapinnata,-0.078,-1.511,-1.433,8.35
12,1131,wet,Oct,unwatered,tree,Crescentiacujete,-0.081,-1.241,-1.16,11.1
12,1168,wet,Oct,unwatered,tree,Crescentiacujete,-0.244,-1.421,-1.177,2.16
12,1186,wet,Oct,unwatered,tree,Dipteryxoleifera,-0.168,-1.728,-1.56,7.85
12,1193,wet,Oct,unwatered,tree,Hieronymaalchorneoides,-0.076,-1.162,-1.086,14.5
12,1110,wet,Oct,unwatered,tree,Huracrepitans,-0.334,-1.257,-0.923,10.7
12,1184,wet,Oct,unwatered,tree,Swieteniamacrophylla,-0.212,-1.361,-1.149,6.22
12,1101,wet,Oct,unwatered,tree,Terminaliaamazonia,-0.206,-1.332,-1.126,14.1
12,1107,wet,Sep,unwatered,liana,Davillakunthii,-0.02,-1.41,-1.39,NA
12,1130,wet,Sep,unwatered,liana,Davillakunthii,-0.039,-0.736,-0.697,NA
12,1111,wet,Sep,unwatered,liana,Doliocarpusmajor,-0.021,-1.103,-1.082,NA
12,1151,wet,Sep,unwatered,liana,Doliocarpusmajor,-0.091,-0.515,-0.424,NA
12,1143,wet,Sep,unwatered,liana,Machaeriummilleflorum,-0.198,-0.874,-0.676,NA
12,1189,wet,Sep,unwatered,liana,Machaeriummilleflorum,-0.073,-1.387,-1.314,NA
12,1102,wet,Sep,unwatered,liana,Maripapanamensis,-0.119,-1.502,-1.383,NA
12,1198,wet,Sep,unwatered,liana,Maripapanamensis,-0.084,-1.043,-0.959,NA
12,1136,wet,Sep,unwatered,liana,Paulliniapinnata,-0.116,-1.692,-1.576,NA
12,1180,wet,Sep,unwatered,liana,Paulliniapinnata,-0.173,-0.782,-0.609,NA
12,1122,wet,Sep,unwatered,tree,Crescentiacujete,-0.105,-1.424,-1.319,NA
12,1141,wet,Sep,unwatered,tree,Dipteryxoleifera,-0.154,-0.602,-0.448,NA
12,1186,wet,Sep,unwatered,tree,Dipteryxoleifera,-0.134,-0.8,-0.666,NA
12,1179,wet,Sep,unwatered,tree,Hieronymaalchorneoides,-0.359,-1.176,-0.817,NA
12,1193,wet,Sep,unwatered,tree,Hieronymaalchorneoides,-0.033,-0.741,-0.708,NA
12,1110,wet,Sep,unwatered,tree,Huracrepitans,-0.41,-0.604,-0.194,NA
12,1150,wet,Sep,unwatered,tree,Huracrepitans,-0.173,-0.901,-0.728,NA
12,1184,wet,Sep,unwatered,tree,Swieteniamacrophylla,-0.191,-0.197,-0.006,NA
12,1197,wet,Sep,unwatered,tree,Swieteniamacrophylla,-0.226,-1.534,-1.308,NA
12,1101,wet,Sep,unwatered,tree,Terminaliaamazonia,-0.165,-1.276,-1.111,NA
12,1187,wet,Sep,unwatered,tree,Terminaliaamazonia,-0.114,-1.402,-1.288,NA