Order...1,Sample,Age,Sex,Sp. Nr.,Species,Class,Order...8,Family,Pest,Migratory,Wingspan (mm),No. Reads,Date
1,366,Ad,F,52,Ethmia bipunctella,Insecta,Lepidoptera,Depressariidae,no,no,23.5,32672,7/20/12
2,366,Ad,F,22,Bradycellus verbasci,Insecta,Coleoptera,Carabidae,no,no,na,411,7/20/12
3,367,Ad,F,64,Hoplodrina ambigua/ superstes,Insecta,Lepidoptera,Noctuidae,no,no,31,14796,7/20/12
4,367,Ad,F,98,Rhyacia simulans,Insecta,Lepidoptera,Noctuidae,no,yes,52.5,8953,7/20/12
5,367,Ad,F,114,Xestia c-nigrum,Insecta,Lepidoptera,Noctuidae,yes,yes,40,3472,7/20/12
6,367,Ad,F,19,Autographa gamma/ pulchrina,Insecta,Lepidoptera,Noctuidae,yes,yes,37.5,3282,7/20/12
7,367,Ad,F,2,Acrobasis obliqua,Insecta,Lepidoptera,Pyralidae,no,no,na,2178,7/20/12
8,367,Ad,F,4,Agonopterix scopariella,Insecta,Lepidoptera,Depressariidae,no,no,20.5,1807,7/20/12
9,367,Ad,F,70,Leucania loreyi,Insecta,Lepidoptera,Noctuidae,yes,yes,39,1067,7/20/12
10,367,Ad,F,81,Nomophila noctuella,Insecta,Lepidoptera,Crambidae,yes,yes,29,925,7/20/12
11,367,Ad,F,29,Caradrina morpheus/ Hypena sp./ Eupithecia sp.,Insecta,Lepidoptera,unclassified Lepidoptera,no,no,35,655,7/20/12
12,584,Ad,F,49,Diptera sp.,Insecta,Diptera,unclassified Diptera,no,no,na,21149,9/10/12
13,584,Ad,F,19,Autographa gamma/ pulchrina,Insecta,Lepidoptera,Noctuidae,yes,yes,37.5,8499,9/10/12
14,584,Ad,F,79,Noctua pronuba/ janthe,Insecta,Lepidoptera,Noctuidae,yes,yes,38,3693,9/10/12
15,584,Ad,F,64,Hoplodrina ambigua/ superstes,Insecta,Lepidoptera,Noctuidae,no,no,31,2277,9/10/12
16,584,Ad,F,11,Agrotis segetum/ trux,Insecta,Lepidoptera,Noctuidae,yes,no,37,1820,9/10/12
17,584,Ad,F,76,Mythimna vitellina,Insecta,Lepidoptera,Noctuidae,no,yes,39.5,1319,9/10/12
18,598,Ad,M,73,Mythimna albipuncta,Insecta,Lepidoptera,Noctuidae,no,yes,32.5,10590,9/10/12
19,598,Ad,M,79,Noctua pronuba/ janthe,Insecta,Lepidoptera,Noctuidae,yes,yes,38,3891,9/10/12
20,598,Ad,M,89,Phlogophora meticulosa,Insecta,Lepidoptera,Noctuidae,yes,yes,48.5,3099,9/10/12
21,598,Ad,M,19,Autographa gamma/ pulchrina,Insecta,Lepidoptera,Noctuidae,yes,yes,37.5,2651,9/10/12
22,598,Ad,M,76,Mythimna vitellina,Insecta,Lepidoptera,Noctuidae,no,yes,39.5,651,9/10/12
23,606,Ad,M,18,Aspitates ochrearia,Insecta,Lepidoptera,Geometridae,yes,no,29.5,9226,9/10/12
24,606,Ad,M,84,Nysius graminicola,Insecta,Hemiptera,Lygaeidae,no,no,na,6123,9/10/12
25,606,Ad,M,34,Chrysopidae sp. 1,Insecta,Neuroptera,Chrysopidae,no,no,na,4018,9/10/12
26,606,Ad,M,1,Acrobasis bithynella,Insecta,Lepidoptera,Pyralidae,no,no,20,2877,9/10/12
27,606,Ad,M,72,Mirificarma mulinella,Insecta,Lepidoptera,Gelechiidae,no,no,6.5,1173,9/10/12
28,606,Ad,M,63,Hemerobius stigma,Insecta,Neuroptera,Hemerobiidae,no,no,na,274,9/10/12
29,628,Ad,F,10,Agrotis puta,Insecta,Lepidoptera,Noctuidae,no,no,31,29882,9/10/12
30,628,Ad,F,11,Agrotis segetum/ trux,Insecta,Lepidoptera,Noctuidae,yes,no,37,2481,9/10/12
31,628,Ad,F,9,Agrotis lata,Insecta,Lepidoptera,Noctuidae,no,no,40,365,9/10/12
32,716,Juv,M,96,Rhodometra sacraria,Insecta,Lepidoptera,Geometridae,no,yes,25,37862,9/21/12
33,716,Juv,M,72,Mirificarma mulinella,Insecta,Lepidoptera,Gelechiidae,no,no,6.5,4313,9/21/12
34,716,Juv,M,84,Nysius graminicola,Insecta,Hemiptera,Lygaeidae,no,no,na,2122,9/21/12
35,716,Juv,M,10,Agrotis puta,Insecta,Lepidoptera,Noctuidae,no,no,31,915,9/21/12
36,716,Juv,M,65,Hoplodrina octogenaria/ Caradrina flavirena/ Caradrina fuscicornis/ Caradrina  aspersa,Insecta,Lepidoptera,unclassified Lepidoptera,no,no,30.5,689,9/21/12
37,716,Juv,M,111,Uresiphita gilvata/ polygonalis,Insecta,Lepidoptera,Crambidae,no,yes,32,636,9/21/12
38,716,Juv,M,81,Nomophila noctuella,Insecta,Lepidoptera,Crambidae,yes,yes,29,551,9/21/12
39,719,Ad,M,19,Autographa gamma/ pulchrina,Insecta,Lepidoptera,Noctuidae,yes,yes,37.5,43499,9/21/12
40,725,Juv,M,72,Mirificarma mulinella,Insecta,Lepidoptera,Gelechiidae,no,no,6.5,22518,9/21/12
41,725,Juv,M,84,Nysius graminicola,Insecta,Hemiptera,Lygaeidae,no,no,na,6056,9/21/12
42,725,Juv,M,14,Anomis cataggelus*,Insecta,Lepidoptera,Erebidae,no,no,na,4448,9/21/12
43,725,Juv,M,24,Calophasia platyptera,Insecta,Lepidoptera,Noctuidae,no,no,30,479,9/21/12
44,726,Juv,M,19,Autographa gamma/ pulchrina,Insecta,Lepidoptera,Noctuidae,yes,yes,37.5,8054,9/21/12
45,726,Juv,M,73,Mythimna albipuncta,Insecta,Lepidoptera,Noctuidae,no,yes,32.5,6682,9/21/12
46,726,Juv,M,76,Mythimna vitellina,Insecta,Lepidoptera,Noctuidae,no,yes,39.5,5753,9/21/12
47,726,Juv,M,65,Hoplodrina octogenaria/ Caradrina flavirena/ Caradrina fuscicornis/ Caradrina  aspersa,Insecta,Lepidoptera,unclassified Lepidoptera,no,no,30.5,4992,9/21/12
48,726,Juv,M,10,Agrotis puta,Insecta,Lepidoptera,Noctuidae,no,no,31,476,9/21/12
49,727,Ad,M,79,Noctua pronuba/ janthe,Insecta,Lepidoptera,Noctuidae,yes,yes,38,22648,9/21/12
50,727,Ad,M,76,Mythimna vitellina,Insecta,Lepidoptera,Noctuidae,no,yes,39.5,1253,9/21/12
51,732,Juv,M,96,Rhodometra sacraria,Insecta,Lepidoptera,Geometridae,no,yes,25,41608,9/21/12
52,733,Ad,M,113,Xestia agathina,Insecta,Lepidoptera,Noctuidae,no,no,32,23167,9/21/12
53,733,Ad,M,96,Rhodometra sacraria,Insecta,Lepidoptera,Geometridae,no,yes,25,725,9/21/12
54,734,Juv,M,64,Hoplodrina ambigua/ superstes,Insecta,Lepidoptera,Noctuidae,no,no,31,16951,9/21/12
55,734,Juv,M,17,Arthropoda sp.1,unclassified Arthropoda,unclassified Arthropoda,unclassified Arthropoda,no,no,na,6770,9/21/12
56,734,Juv,M,99,Spodoptera exigua,Insecta,Lepidoptera,Noctuidae,yes,no,29,4563,9/21/12
57,734,Juv,M,11,Agrotis segetum/ trux,Insecta,Lepidoptera,Noctuidae,yes,no,37,2558,9/21/12
58,734,Juv,M,70,Leucania loreyi,Insecta,Lepidoptera,Noctuidae,yes,yes,39,1655,9/21/12
59,734,Juv,M,81,Nomophila noctuella,Insecta,Lepidoptera,Crambidae,yes,yes,29,1095,9/21/12
60,734,Juv,M,19,Autographa gamma/ pulchrina,Insecta,Lepidoptera,Noctuidae,yes,yes,37.5,595,9/21/12
61,742,Ad,F,56,Eugnorisma glareosa,Insecta,Lepidoptera,Noctuidae,yes,no,35,30651,9/21/12
62,801,Ad,M,105,Tipula oleracea,Insecta,Diptera,Tipulidae,no,no,na,11762,10/4/12
63,801,Ad,M,81,Nomophila noctuella,Insecta,Lepidoptera,Crambidae,yes,yes,29,4863,10/4/12
64,801,Ad,M,64,Hoplodrina ambigua/ superstes,Insecta,Lepidoptera,Noctuidae,no,no,31,3640,10/4/12
65,801,Ad,M,96,Rhodometra sacraria,Insecta,Lepidoptera,Geometridae,no,yes,25,2584,10/4/12
66,801,Ad,M,75,Mythimna riparia,Insecta,Lepidoptera,Noctuidae,no,no,na,1917,10/4/12
67,801,Ad,M,11,Agrotis segetum/ trux,Insecta,Lepidoptera,Noctuidae,yes,no,37,1404,10/4/12
68,838,Ad,M,79,Noctua pronuba/ janthe,Insecta,Lepidoptera,Noctuidae,yes,yes,38,13865,10/7/12
69,838,Ad,M,19,Autographa gamma/ pulchrina,Insecta,Lepidoptera,Noctuidae,yes,yes,37.5,7345,10/7/12
70,838,Ad,M,76,Mythimna vitellina,Insecta,Lepidoptera,Noctuidae,no,yes,39.5,1763,10/7/12
71,838,Ad,M,73,Mythimna albipuncta,Insecta,Lepidoptera,Noctuidae,no,yes,32.5,1310,10/7/12
72,838,Ad,M,2,Acrobasis obliqua,Insecta,Lepidoptera,Pyralidae,no,no,na,1276,10/7/12
73,838,Ad,M,89,Phlogophora meticulosa,Insecta,Lepidoptera,Noctuidae,yes,yes,48.5,1226,10/7/12
74,841,Ad,M,20,Autophila dilucida,Insecta,Lepidoptera,Erebidae,no,no,na,12820,10/7/12
75,841,Ad,M,70,Leucania loreyi,Insecta,Lepidoptera,Noctuidae,yes,yes,39,9679,10/7/12
76,841,Ad,M,77,Noctua comes,Insecta,Lepidoptera,Noctuidae,yes,no,41,2622,10/7/12
77,841,Ad,M,64,Hoplodrina ambigua/ superstes,Insecta,Lepidoptera,Noctuidae,no,no,31,1803,10/7/12
78,841,Ad,M,79,Noctua pronuba/ janthe,Insecta,Lepidoptera,Noctuidae,yes,yes,38,1622,10/7/12
79,841,Ad,M,19,Autographa gamma/ pulchrina,Insecta,Lepidoptera,Noctuidae,yes,yes,37.5,1329,10/7/12
80,841,Ad,M,97,Rhoptria asperaria,Insecta,Lepidoptera,Noctuidae,no,no,22.5,1323,10/7/12
81,841,Ad,M,76,Mythimna vitellina,Insecta,Lepidoptera,Noctuidae,no,yes,39.5,753,10/7/12
82,841,Ad,M,30,Chloantha hyperici/ Helicoverpa armigera,Insecta,Lepidoptera,Noctuidae,yes,yes,35,645,10/7/12
83,841,Ad,M,80,Noctua tirrenica,Insecta,Lepidoptera,Noctuidae,no,no,51,503,10/7/12
84,841,Ad,M,11,Agrotis segetum/ trux,Insecta,Lepidoptera,Noctuidae,yes,no,37,435,10/7/12
85,850,Ad,M,11,Agrotis segetum/ trux,Insecta,Lepidoptera,Noctuidae,yes,no,37,39150,10/7/12
86,873,Ad,F,64,Hoplodrina ambigua/ superstes,Insecta,Lepidoptera,Noctuidae,no,no,31,11700,10/9/12
87,873,Ad,F,12,Anarta trifolii/ Plemyria rubiginata/ Choristoneura hebenstreitella,Insecta,Lepidoptera,Noctuidae / Geometridae / Tortricidae,yes,yes,29,10822,10/9/12
88,873,Ad,F,10,Agrotis puta,Insecta,Lepidoptera,Noctuidae,no,no,31,7312,10/9/12
89,873,Ad,F,76,Mythimna vitellina,Insecta,Lepidoptera,Noctuidae,no,yes,39.5,6702,10/9/12
90,873,Ad,F,96,Rhodometra sacraria,Insecta,Lepidoptera,Geometridae,no,yes,25,2315,10/9/12
91,873,Ad,F,84,Nysius graminicola,Insecta,Hemiptera,Lygaeidae,no,no,na,778,10/9/12
92,873,Ad,F,29,Caradrina morpheus/ Hypena sp./ Eupithecia sp.,Insecta,Lepidoptera,unclassified Lepidoptera,no,no,35,647,10/9/12
93,890,Ad,F,19,Autographa gamma/ pulchrina,Insecta,Lepidoptera,Noctuidae,yes,yes,37.5,43986,10/11/12
94,890,Ad,F,89,Phlogophora meticulosa,Insecta,Lepidoptera,Noctuidae,yes,yes,48.5,2983,10/11/12
95,890,Ad,F,2,Acrobasis obliqua,Insecta,Lepidoptera,Pyralidae,no,no,na,1086,10/11/12
96,1027,Ad,M,64,Hoplodrina ambigua/ superstes,Insecta,Lepidoptera,Noctuidae,no,no,31,25695,4/16/13
97,1027,Ad,M,11,Agrotis segetum/ trux,Insecta,Lepidoptera,Noctuidae,yes,no,37,3222,4/16/13
98,1027,Ad,M,88,Peridroma saucia,Insecta,Lepidoptera,Noctuidae,yes,yes,50.5,3014,4/16/13
99,1027,Ad,M,79,Noctua pronuba/ janthe,Insecta,Lepidoptera,Noctuidae,yes,yes,38,1577,4/16/13
100,1027,Ad,M,96,Rhodometra sacraria,Insecta,Lepidoptera,Geometridae,no,yes,25,1328,4/16/13
101,1027,Ad,M,10,Agrotis puta,Insecta,Lepidoptera,Noctuidae,no,no,31,1204,4/16/13
102,1027,Ad,M,81,Nomophila noctuella,Insecta,Lepidoptera,Crambidae,yes,yes,29,516,4/16/13
103,1027,Ad,M,36,Chrysoteuchia culmella,Insecta,Lepidoptera,Crambidae,yes,no,21,462,4/16/13
104,1043,Ad,M,15,Aporophyla lueneburgensis,Insecta,Lepidoptera,Noctuidae,no,no,38.5,14158,4/16/13
105,1043,Ad,M,39,Compsoptera opacaria,Insecta,Lepidoptera,Geometridae,no,no,39.5,5562,4/16/13
106,1043,Ad,M,90,Plebejus argusº,Insecta,Lepidoptera,Lycaenidae,no,no,29,4048,4/16/13
107,1043,Ad,M,56,Eugnorisma glareosa,Insecta,Lepidoptera,Noctuidae,yes,no,35,2945,4/16/13
108,1043,Ad,M,54,Eucoptocnemis optabilis,Insecta,Lepidoptera,Noctuidae,no,no,na,2081,4/16/13
109,1043,Ad,M,76,Mythimna vitellina,Insecta,Lepidoptera,Noctuidae,no,yes,39.5,1519,4/16/13
110,1043,Ad,M,78,Noctua orbona,Insecta,Lepidoptera,Noctuidae,no,no,41.5,750,4/16/13
111,1043,Ad,M,51,Ennomos quercinaria,Insecta,Lepidoptera,Geometridae,yes,no,46,574,4/16/13
112,1043,Ad,M,64,Hoplodrina ambigua/ superstes,Insecta,Lepidoptera,Noctuidae,no,no,31,537,4/16/13
113,1097,Ad,F,89,Phlogophora meticulosa,Insecta,Lepidoptera,Noctuidae,yes,yes,48.5,38903,4/20/13
114,1097,Ad,F,19,Autographa gamma/ pulchrina,Insecta,Lepidoptera,Noctuidae,yes,yes,37.5,13937,4/20/13
115,1097,Ad,F,10,Agrotis puta,Insecta,Lepidoptera,Noctuidae,no,no,31,1048,4/20/13
116,1120,Ad,M,96,Rhodometra sacraria,Insecta,Lepidoptera,Geometridae,no,yes,25,20079,4/20/13
117,1120,Ad,M,13,Angustalius malacellus,Insecta,Lepidoptera,Crambidae,yes,no,na,4843,4/20/13
118,1120,Ad,M,29,Caradrina morpheus/ Hypena sp./ Eupithecia sp.,Insecta,Lepidoptera,unclassified Lepidoptera,no,no,35,546,4/20/13
119,1120,Ad,M,64,Hoplodrina ambigua/ superstes,Insecta,Lepidoptera,Noctuidae,no,no,31,386,4/20/13
120,1120,Ad,M,69,Insecta sp.1,Insecta,unclassified Insecta,unclassified Insecta,no,no,na,341,4/20/13
121,1120,Ad,M,72,Mirificarma mulinella,Insecta,Lepidoptera,Gelechiidae,no,no,6.5,338,4/20/13
122,1132,Ad,M,72,Mirificarma mulinella,Insecta,Lepidoptera,Gelechiidae,no,no,6.5,26707,4/22/13
123,1132,Ad,M,18,Aspitates ochrearia,Insecta,Lepidoptera,Geometridae,yes,no,29.5,2359,4/22/13
124,1132,Ad,M,102,Thalpophila vitalba,Insecta,Lepidoptera,Noctuidae,yes,no,42,1083,4/22/13
125,1132,Ad,M,23,Bryotropha terrella,Insecta,Lepidoptera,Gelechiidae,no,no,15,1003,4/22/13
126,1132,Ad,M,82,Nycteola revayana,Insecta,Lepidoptera,Nolidae,yes,no,22.5,1000,4/22/13
127,1134,Ad,F,19,Autographa gamma/ pulchrina,Insecta,Lepidoptera,Noctuidae,yes,yes,37.5,35493,4/22/13
128,1134,Ad,F,8,Agrotis ipsilon,Insecta,Lepidoptera,Noctuidae,yes,yes,47.5,6163,4/22/13
129,1134,Ad,F,67,Idaea laevigata,Insecta,Lepidoptera,Geometridae,no,no,20,902,4/22/13
130,1149,Ad,F,89,Phlogophora meticulosa,Insecta,Lepidoptera,Noctuidae,yes,yes,48.5,30038,4/24/13
131,1149,Ad,F,64,Hoplodrina ambigua/ superstes,Insecta,Lepidoptera,Noctuidae,no,no,31,1194,4/24/13
132,1149,Ad,F,11,Agrotis segetum/ trux,Insecta,Lepidoptera,Noctuidae,yes,no,37,1102,4/24/13
133,1149,Ad,F,76,Mythimna vitellina,Insecta,Lepidoptera,Noctuidae,no,yes,39.5,1010,4/24/13
134,1149,Ad,F,105,Tipula oleracea,Insecta,Diptera,Tipulidae,no,no,na,962,4/24/13
135,1149,Ad,F,81,Nomophila noctuella,Insecta,Lepidoptera,Crambidae,yes,yes,29,657,4/24/13
136,1149,Ad,F,4,Agonopterix scopariella,Insecta,Lepidoptera,Depressariidae,no,no,20.5,471,4/24/13
137,1150,Ad,F,79,Noctua pronuba/ janthe,Insecta,Lepidoptera,Noctuidae,yes,yes,38,21146,4/24/13
138,1150,Ad,F,89,Phlogophora meticulosa,Insecta,Lepidoptera,Noctuidae,yes,yes,48.5,10501,4/24/13
139,1150,Ad,F,19,Autographa gamma/ pulchrina,Insecta,Lepidoptera,Noctuidae,yes,yes,37.5,6141,4/24/13
140,1150,Ad,F,88,Peridroma saucia,Insecta,Lepidoptera,Noctuidae,yes,yes,50.5,3479,4/24/13
141,1183,Ad,M,11,Agrotis segetum/ trux,Insecta,Lepidoptera,Noctuidae,yes,no,37,10123,5/4/13
142,1183,Ad,M,76,Mythimna vitellina,Insecta,Lepidoptera,Noctuidae,no,yes,39.5,8143,5/4/13
143,1183,Ad,M,88,Peridroma saucia,Insecta,Lepidoptera,Noctuidae,yes,yes,50.5,4365,5/4/13
144,1183,Ad,M,8,Agrotis ipsilon,Insecta,Lepidoptera,Noctuidae,yes,yes,47.5,2737,5/4/13
145,1187,Ad,M,17,Arthropoda sp.1,unclassified Arthropoda,unclassified Arthropoda,unclassified Arthropoda,no,no,na,13808,5/4/13
146,1187,Ad,M,64,Hoplodrina ambigua/ superstes,Insecta,Lepidoptera,Noctuidae,no,no,31,6668,5/4/13
147,1191,Ad,M,96,Rhodometra sacraria,Insecta,Lepidoptera,Geometridae,no,yes,25,11495,5/4/13
148,1191,Ad,M,64,Hoplodrina ambigua/ superstes,Insecta,Lepidoptera,Noctuidae,no,no,31,11385,5/4/13
149,1191,Ad,M,106,Tipula paludosa,Insecta,Diptera,Tipulidae,no,no,na,3327,5/4/13
150,1191,Ad,M,105,Tipula oleracea,Insecta,Diptera,Tipulidae,no,no,na,788,5/4/13
151,1191,Ad,M,107,Tipula subcunctans,Insecta,Diptera,Tipulidae,no,no,na,659,5/4/13
152,1191,Ad,M,110,Tortrix viridana,Insecta,Lepidoptera,Tortricidae,yes,no,20.5,443,5/4/13
153,1193,Ad,F,72,Mirificarma mulinella,Insecta,Lepidoptera,Gelechiidae,no,no,6.5,11151,5/4/13
154,1193,Ad,F,105,Tipula oleracea,Insecta,Diptera,Tipulidae,no,no,na,9028,5/4/13
155,1193,Ad,F,10,Agrotis puta,Insecta,Lepidoptera,Noctuidae,no,no,31,618,5/4/13
156,1193,Ad,F,61,Gymnoscelis rufifasciata,Insecta,Lepidoptera,Geometridae,yes,no,17,567,5/4/13
157,1193,Ad,F,66,Idaea degeneraria,Insecta,Lepidoptera,Geometridae,no,no,28.5,498,5/4/13
158,1194,Ad,F,89,Phlogophora meticulosa,Insecta,Lepidoptera,Noctuidae,yes,yes,48.5,11520,5/4/13
159,1194,Ad,F,19,Autographa gamma/ pulchrina,Insecta,Lepidoptera,Noctuidae,yes,yes,37.5,3974,5/4/13
160,1194,Ad,F,76,Mythimna vitellina,Insecta,Lepidoptera,Noctuidae,no,yes,39.5,3573,5/4/13
161,1194,Ad,F,73,Mythimna albipuncta,Insecta,Lepidoptera,Noctuidae,no,yes,32.5,1655,5/4/13
162,1194,Ad,F,88,Peridroma saucia,Insecta,Lepidoptera,Noctuidae,yes,yes,50.5,1583,5/4/13
163,1195,Ad,M,1,Acrobasis bithynella,Insecta,Lepidoptera,Pyralidae,no,no,20,23037,5/4/13
164,1195,Ad,M,18,Aspitates ochrearia,Insecta,Lepidoptera,Geometridae,yes,no,29.5,1507,5/4/13
165,1195,Ad,M,84,Nysius graminicola,Insecta,Hemiptera,Lygaeidae,no,no,na,906,5/4/13
166,1195,Ad,M,72,Mirificarma mulinella,Insecta,Lepidoptera,Gelechiidae,no,no,6.5,781,5/4/13
167,1203,Ad,F,88,Peridroma saucia,Insecta,Lepidoptera,Noctuidae,yes,yes,50.5,9094,5/4/13
168,1203,Ad,F,79,Noctua pronuba/ janthe,Insecta,Lepidoptera,Noctuidae,yes,yes,38,8763,5/4/13
169,1203,Ad,F,77,Noctua comes,Insecta,Lepidoptera,Noctuidae,yes,no,41,4178,5/4/13
170,1203,Ad,F,89,Phlogophora meticulosa,Insecta,Lepidoptera,Noctuidae,yes,yes,48.5,3580,5/4/13
171,1203,Ad,F,19,Autographa gamma/ pulchrina,Insecta,Lepidoptera,Noctuidae,yes,yes,37.5,990,5/4/13
172,1203,Ad,F,30,Chloantha hyperici/ Helicoverpa armigera,Insecta,Lepidoptera,Noctuidae,yes,yes,35,692,5/4/13
173,1203,Ad,F,57,Eupithecia laquaearia,Insecta,Lepidoptera,Geometridae,no,no,13.5,684,5/4/13
174,1224,Ad,M,19,Autographa gamma/ pulchrina,Insecta,Lepidoptera,Noctuidae,yes,yes,37.5,27812,5/7/13
175,1225,Ad,M,29,Caradrina morpheus/ Hypena sp./ Eupithecia sp.,Insecta,Lepidoptera,unclassified Lepidoptera,no,no,35,12773,5/7/13
176,1225,Ad,M,96,Rhodometra sacraria,Insecta,Lepidoptera,Geometridae,no,yes,25,7232,5/7/13
177,1225,Ad,M,1,Acrobasis bithynella,Insecta,Lepidoptera,Pyralidae,no,no,20,1935,5/7/13
178,1225,Ad,M,87,Papaipema nebris*,Insecta,Lepidoptera,Noctuidae,no,no,na,1717,5/7/13
179,1225,Ad,M,114,Xestia c-nigrum,Insecta,Lepidoptera,Noctuidae,yes,yes,40,549,5/7/13
180,1228,Ad,F,8,Agrotis ipsilon,Insecta,Lepidoptera,Noctuidae,yes,yes,47.5,20380,5/7/13
181,1228,Ad,F,59,Euxoa nigrofusca/obelisca,Insecta,Lepidoptera,Noctuidae,no,no,34,17721,5/7/13
182,1231,Ad,M,11,Agrotis segetum/ trux,Insecta,Lepidoptera,Noctuidae,yes,no,37,15096,5/7/13
183,1231,Ad,M,17,Arthropoda sp.1,unclassified Arthropoda,unclassified Arthropoda,unclassified Arthropoda,no,no,na,3740,5/7/13
184,1231,Ad,M,76,Mythimna vitellina,Insecta,Lepidoptera,Noctuidae,no,yes,39.5,1669,5/7/13
185,1231,Ad,M,19,Autographa gamma/ pulchrina,Insecta,Lepidoptera,Noctuidae,yes,yes,37.5,1115,5/7/13
186,1231,Ad,M,47,Cydia fagiglandana,Insecta,Lepidoptera,Tortricidae,no,no,14,769,5/7/13
187,1246,Ad,M,7,Agrochola lunosa,Insecta,Lepidoptera,Noctuidae,no,no,35,9926,5/9/13
188,1246,Ad,M,56,Eugnorisma glareosa,Insecta,Lepidoptera,Noctuidae,yes,no,35,5921,5/9/13
189,1246,Ad,M,109,Trigonophora jodea,Insecta,Lepidoptera,Noctuidae,no,no,na,4182,5/9/13
190,1246,Ad,M,91,Polymixis argillaceago,Insecta,Lepidoptera,Noctuidae,no,no,36.5,2691,5/9/13
191,1246,Ad,M,64,Hoplodrina ambigua/ superstes,Insecta,Lepidoptera,Noctuidae,no,no,31,2161,5/9/13
192,1246,Ad,M,50,Dryobotodes eremita,Insecta,Lepidoptera,Noctuidae,yes,no,35.5,1299,5/9/13
193,1246,Ad,M,27,Caradrina morpheus,Insecta,Lepidoptera,Noctuidae,no,no,35,699,5/9/13
194,1246,Ad,M,11,Agrotis segetum/ trux,Insecta,Lepidoptera,Noctuidae,yes,no,37,607,5/9/13
195,1246,Ad,M,29,Caradrina morpheus/ Hypena sp./ Eupithecia sp.,Insecta,Lepidoptera,unclassified Lepidoptera,no,no,35,349,5/9/13
196,1268,Ad,F,10,Agrotis puta,Insecta,Lepidoptera,Noctuidae,no,no,31,23928,5/9/13
197,1268,Ad,F,65,Hoplodrina octogenaria/ Caradrina flavirena/ Caradrina fuscicornis/ Caradrina  aspersa,Insecta,Lepidoptera,unclassified Lepidoptera,no,no,30.5,7909,5/9/13
198,1268,Ad,F,89,Phlogophora meticulosa,Insecta,Lepidoptera,Noctuidae,yes,yes,48.5,4662,5/9/13
199,1268,Ad,F,40,Crocallis dardoinaria,Insecta,Lepidoptera,Geometridae,no,no,49,2497,5/9/13
200,1268,Ad,F,18,Aspitates ochrearia,Insecta,Lepidoptera,Geometridae,yes,no,29.5,2172,5/9/13
201,1268,Ad,F,8,Agrotis ipsilon,Insecta,Lepidoptera,Noctuidae,yes,yes,47.5,1299,5/9/13
202,1268,Ad,F,76,Mythimna vitellina,Insecta,Lepidoptera,Noctuidae,no,yes,39.5,1037,5/9/13
203,1272,Ad,F,8,Agrotis ipsilon,Insecta,Lepidoptera,Noctuidae,yes,yes,47.5,18746,5/9/13
204,1272,Ad,F,42,Cryphia algae/ pallida,Insecta,Lepidoptera,Noctuidae,no,yes,25,3203,5/9/13
205,1272,Ad,F,11,Agrotis segetum/ trux,Insecta,Lepidoptera,Noctuidae,yes,no,37,1806,5/9/13
206,1272,Ad,F,76,Mythimna vitellina,Insecta,Lepidoptera,Noctuidae,no,yes,39.5,1391,5/9/13
207,1276,Ad,M,19,Autographa gamma/ pulchrina,Insecta,Lepidoptera,Noctuidae,yes,yes,37.5,14060,5/9/13
208,1276,Ad,M,79,Noctua pronuba/ janthe,Insecta,Lepidoptera,Noctuidae,yes,yes,38,11454,5/9/13
209,1276,Ad,M,38,Coenobia rufa,Insecta,Lepidoptera,Noctuidae,no,no,23.5,2427,5/9/13
210,1276,Ad,M,11,Agrotis segetum/ trux,Insecta,Lepidoptera,Noctuidae,yes,no,37,401,5/9/13
211,1276,Ad,M,89,Phlogophora meticulosa,Insecta,Lepidoptera,Noctuidae,yes,yes,48.5,344,5/9/13
212,1311,Ad,F,59,Euxoa nigrofusca/obelisca,Insecta,Lepidoptera,Noctuidae,no,no,34,40510,5/13/13
213,1316,Ad,M,113,Xestia agathina,Insecta,Lepidoptera,Noctuidae,no,no,32,24007,5/13/13
214,1316,Ad,M,102,Thalpophila vitalba,Insecta,Lepidoptera,Noctuidae,yes,no,42,2196,5/13/13
215,1316,Ad,M,11,Agrotis segetum/ trux,Insecta,Lepidoptera,Noctuidae,yes,no,37,841,5/13/13
216,1316,Ad,M,60,Euxoa temera,Insecta,Lepidoptera,Noctuidae,no,no,32.5,829,5/13/13
217,1316,Ad,M,55,Eugnorisma arenoflavida,Insecta,Lepidoptera,Noctuidae,no,no,na,348,5/13/13
218,1317,Ad,M,7,Agrochola lunosa,Insecta,Lepidoptera,Noctuidae,no,no,35,22609,5/13/13
219,1317,Ad,M,76,Mythimna vitellina,Insecta,Lepidoptera,Noctuidae,no,yes,39.5,6856,5/13/13
220,1317,Ad,M,111,Uresiphita gilvata/ polygonalis,Insecta,Lepidoptera,Crambidae,no,yes,32,4189,5/13/13
221,1317,Ad,M,44,Cunctochrysa albolineata,Insecta,Neuroptera,Chrysopidae,no,no,na,3650,5/13/13
222,1317,Ad,M,34,Chrysopidae sp. 1,Insecta,Neuroptera,Chrysopidae,no,no,na,2354,5/13/13
223,1317,Ad,M,64,Hoplodrina ambigua/ superstes,Insecta,Lepidoptera,Noctuidae,no,no,31,2002,5/13/13
224,1317,Ad,M,110,Tortrix viridana,Insecta,Lepidoptera,Tortricidae,yes,no,20.5,1654,5/13/13
225,1317,Ad,M,96,Rhodometra sacraria,Insecta,Lepidoptera,Geometridae,no,yes,25,771,5/13/13
226,1318,Ad,M,96,Rhodometra sacraria,Insecta,Lepidoptera,Geometridae,no,yes,25,24238,5/13/13
227,1318,Ad,M,7,Agrochola lunosa,Insecta,Lepidoptera,Noctuidae,no,no,35,4531,5/13/13
228,1318,Ad,M,81,Nomophila noctuella,Insecta,Lepidoptera,Crambidae,yes,yes,29,4424,5/13/13
229,1318,Ad,M,4,Agonopterix scopariella,Insecta,Lepidoptera,Depressariidae,no,no,20.5,3878,5/13/13
230,1318,Ad,M,110,Tortrix viridana,Insecta,Lepidoptera,Tortricidae,yes,no,20.5,2543,5/13/13
231,1318,Ad,M,64,Hoplodrina ambigua/ superstes,Insecta,Lepidoptera,Noctuidae,no,no,31,1714,5/13/13
232,1318,Ad,M,104,Tipula invenusta,Insecta,Diptera,Tipulidae,no,no,na,1356,5/13/13
233,1318,Ad,M,86,Pachycnemia hippocastanaria,Insecta,Lepidoptera,Geometridae,no,no,30,503,5/13/13
234,1319,Ad,M,88,Peridroma saucia,Insecta,Lepidoptera,Noctuidae,yes,yes,50.5,13391,5/13/13
235,1319,Ad,M,10,Agrotis puta,Insecta,Lepidoptera,Noctuidae,no,no,31,10218,5/13/13
236,1319,Ad,M,64,Hoplodrina ambigua/ superstes,Insecta,Lepidoptera,Noctuidae,no,no,31,6933,5/13/13
237,1319,Ad,M,11,Agrotis segetum/ trux,Insecta,Lepidoptera,Noctuidae,yes,no,37,2289,5/13/13
238,1319,Ad,M,76,Mythimna vitellina,Insecta,Lepidoptera,Noctuidae,no,yes,39.5,879,5/13/13
239,1319,Ad,M,29,Caradrina morpheus/ Hypena sp./ Eupithecia sp.,Insecta,Lepidoptera,unclassified Lepidoptera,no,no,35,807,5/13/13
240,1320,Ad,F,17,Arthropoda sp.1,unclassified Arthropoda,unclassified Arthropoda,unclassified Arthropoda,no,no,na,49236,5/13/13
241,1321,Ad,M,19,Autographa gamma/ pulchrina,Insecta,Lepidoptera,Noctuidae,yes,yes,37.5,19132,5/13/13
242,1321,Ad,M,73,Mythimna albipuncta,Insecta,Lepidoptera,Noctuidae,no,yes,32.5,3588,5/13/13
243,1321,Ad,M,11,Agrotis segetum/ trux,Insecta,Lepidoptera,Noctuidae,yes,no,37,2606,5/13/13
244,1321,Ad,M,79,Noctua pronuba/ janthe,Insecta,Lepidoptera,Noctuidae,yes,yes,38,1281,5/13/13
245,1321,Ad,M,76,Mythimna vitellina,Insecta,Lepidoptera,Noctuidae,no,yes,39.5,351,5/13/13
246,1321,Ad,M,67,Idaea laevigata,Insecta,Lepidoptera,Geometridae,no,no,20,336,5/13/13
247,1322,Ad,F,19,Autographa gamma/ pulchrina,Insecta,Lepidoptera,Noctuidae,yes,yes,37.5,23266,5/13/13
248,1322,Ad,F,64,Hoplodrina ambigua/ superstes,Insecta,Lepidoptera,Noctuidae,no,no,31,12053,5/13/13
249,1322,Ad,F,88,Peridroma saucia,Insecta,Lepidoptera,Noctuidae,yes,yes,50.5,5326,5/13/13
250,1322,Ad,F,76,Mythimna vitellina,Insecta,Lepidoptera,Noctuidae,no,yes,39.5,1809,5/13/13
251,1322,Ad,F,3,Agonopterix pupillana*,Insecta,Lepidoptera,Depressariidae,no,no,na,1676,5/13/13
252,1322,Ad,F,11,Agrotis segetum/ trux,Insecta,Lepidoptera,Noctuidae,yes,no,37,1651,5/13/13
253,1322,Ad,F,67,Idaea laevigata,Insecta,Lepidoptera,Geometridae,no,no,20,1243,5/13/13
254,1344,Ad,F,11,Agrotis segetum/ trux,Insecta,Lepidoptera,Noctuidae,yes,no,37,23040,5/15/13
255,1344,Ad,F,76,Mythimna vitellina,Insecta,Lepidoptera,Noctuidae,no,yes,39.5,396,5/15/13
256,1345,Ad,F,9,Agrotis lata,Insecta,Lepidoptera,Noctuidae,no,no,40,38973,5/15/13
257,1345,Ad,F,64,Hoplodrina ambigua/ superstes,Insecta,Lepidoptera,Noctuidae,no,no,31,910,5/15/13
258,1345,Ad,F,76,Mythimna vitellina,Insecta,Lepidoptera,Noctuidae,no,yes,39.5,457,5/15/13
259,1347,Ad,F,83,Nyctobrya muralis,Insecta,Lepidoptera,Noctuidae,no,no,30.5,14941,5/15/13
260,1347,Ad,F,96,Rhodometra sacraria,Insecta,Lepidoptera,Geometridae,no,yes,25,14333,5/15/13
261,1347,Ad,F,11,Agrotis segetum/ trux,Insecta,Lepidoptera,Noctuidae,yes,no,37,12515,5/15/13
262,1347,Ad,F,17,Arthropoda sp.1,unclassified Arthropoda,unclassified Arthropoda,unclassified Arthropoda,no,no,na,1211,5/15/13
263,1353,Ad,F,89,Phlogophora meticulosa,Insecta,Lepidoptera,Noctuidae,yes,yes,48.5,32030,5/15/13
264,1353,Ad,F,19,Autographa gamma/ pulchrina,Insecta,Lepidoptera,Noctuidae,yes,yes,37.5,4565,5/15/13
265,1353,Ad,F,11,Agrotis segetum/ trux,Insecta,Lepidoptera,Noctuidae,yes,no,37,2225,5/15/13
266,1353,Ad,F,12,Anarta trifolii/ Plemyria rubiginata/ Choristoneura hebenstreitella,Insecta,Lepidoptera,Noctuidae / Geometridae / Tortricidae,yes,yes,29,1503,5/15/13
267,1373,Ad,F,17,Arthropoda sp.1,unclassified Arthropoda,unclassified Arthropoda,unclassified Arthropoda,no,no,na,24745,6/12/13
268,1373,Ad,F,4,Agonopterix scopariella,Insecta,Lepidoptera,Depressariidae,no,no,20.5,5217,6/12/13
269,1373,Ad,F,11,Agrotis segetum/ trux,Insecta,Lepidoptera,Noctuidae,yes,no,37,4713,6/12/13
270,1373,Ad,F,59,Euxoa nigrofusca/obelisca,Insecta,Lepidoptera,Noctuidae,no,no,34,4537,6/12/13
271,1373,Ad,F,80,Noctua tirrenica,Insecta,Lepidoptera,Noctuidae,no,no,51,1204,6/12/13
272,1375,Ad,M,64,Hoplodrina ambigua/ superstes,Insecta,Lepidoptera,Noctuidae,no,no,31,14432,6/12/13
273,1375,Ad,M,96,Rhodometra sacraria,Insecta,Lepidoptera,Geometridae,no,yes,25,2809,6/12/13
274,1375,Ad,M,77,Noctua comes,Insecta,Lepidoptera,Noctuidae,yes,no,41,856,6/12/13
275,1375,Ad,M,11,Agrotis segetum/ trux,Insecta,Lepidoptera,Noctuidae,yes,no,37,520,6/12/13
276,1385,Ad,M,64,Hoplodrina ambigua/ superstes,Insecta,Lepidoptera,Noctuidae,no,no,31,17714,6/16/13
277,1385,Ad,M,88,Peridroma saucia,Insecta,Lepidoptera,Noctuidae,yes,yes,50.5,9429,6/16/13
278,1385,Ad,M,29,Caradrina morpheus/ Hypena sp./ Eupithecia sp.,Insecta,Lepidoptera,unclassified Lepidoptera,no,no,35,1109,6/16/13
279,1385,Ad,M,89,Phlogophora meticulosa,Insecta,Lepidoptera,Noctuidae,yes,yes,48.5,651,6/16/13
280,1388,Ad,F,64,Hoplodrina ambigua/ superstes,Insecta,Lepidoptera,Noctuidae,no,no,31,19268,6/16/13
281,1388,Ad,F,19,Autographa gamma/ pulchrina,Insecta,Lepidoptera,Noctuidae,yes,yes,37.5,15641,6/16/13
282,1388,Ad,F,88,Peridroma saucia,Insecta,Lepidoptera,Noctuidae,yes,yes,50.5,2119,6/16/13
283,1388,Ad,F,3,Agonopterix pupillana*,Insecta,Lepidoptera,Depressariidae,no,no,na,1778,6/16/13
284,1388,Ad,F,67,Idaea laevigata,Insecta,Lepidoptera,Geometridae,no,no,20,1705,6/16/13
285,1388,Ad,F,8,Agrotis ipsilon,Insecta,Lepidoptera,Noctuidae,yes,yes,47.5,614,6/16/13
286,1388,Ad,F,90,Plebejus argusº,Insecta,Lepidoptera,Lycaenidae,no,no,29,566,6/16/13
287,1433,Ad,M,19,Autographa gamma/ pulchrina,Insecta,Lepidoptera,Noctuidae,yes,yes,37.5,21593,6/20/13
288,1433,Ad,M,47,Cydia fagiglandana,Insecta,Lepidoptera,Tortricidae,no,no,14,3249,6/20/13
289,1434,Ad,M,76,Mythimna vitellina,Insecta,Lepidoptera,Noctuidae,no,yes,39.5,28800,6/20/13
290,1436,Ad,F,11,Agrotis segetum/ trux,Insecta,Lepidoptera,Noctuidae,yes,no,37,4868,6/20/13
291,1436,Ad,F,79,Noctua pronuba/ janthe,Insecta,Lepidoptera,Noctuidae,yes,yes,38,2287,6/20/13
292,1436,Ad,F,70,Leucania loreyi,Insecta,Lepidoptera,Noctuidae,yes,yes,39,2043,6/20/13
293,1436,Ad,F,110,Tortrix viridana,Insecta,Lepidoptera,Tortricidae,yes,no,20.5,190,6/20/13
294,1440,Ad,M,10,Agrotis puta,Insecta,Lepidoptera,Noctuidae,no,no,31,13565,6/20/13
295,1440,Ad,M,105,Tipula oleracea,Insecta,Diptera,Tipulidae,no,no,na,8165,6/20/13
296,1440,Ad,M,65,Hoplodrina octogenaria/ Caradrina flavirena/ Caradrina fuscicornis/ Caradrina  aspersa,Insecta,Lepidoptera,unclassified Lepidoptera,no,no,30.5,2862,6/20/13
297,1440,Ad,M,96,Rhodometra sacraria,Insecta,Lepidoptera,Geometridae,no,yes,25,2588,6/20/13
298,1440,Ad,M,76,Mythimna vitellina,Insecta,Lepidoptera,Noctuidae,no,yes,39.5,1462,6/20/13
299,1440,Ad,M,11,Agrotis segetum/ trux,Insecta,Lepidoptera,Noctuidae,yes,no,37,604,6/20/13
300,1440,Ad,M,9,Agrotis lata,Insecta,Lepidoptera,Noctuidae,no,no,40,549,6/20/13
301,1440,Ad,M,28,Caradrina morpheus/ Carpatolechia sp./ Lacanobia contigua,Insecta,Lepidoptera,Noctuidae/ Gelechiidae/ Noctuidae,no,no,37,357,6/20/13
302,1467,Ad,F,19,Autographa gamma/ pulchrina,Insecta,Lepidoptera,Noctuidae,yes,yes,37.5,30032,6/24/13
303,1467,Ad,F,8,Agrotis ipsilon,Insecta,Lepidoptera,Noctuidae,yes,yes,47.5,7924,6/24/13
304,1467,Ad,F,89,Phlogophora meticulosa,Insecta,Lepidoptera,Noctuidae,yes,yes,48.5,1339,6/24/13
305,1467,Ad,F,67,Idaea laevigata,Insecta,Lepidoptera,Geometridae,no,no,20,851,6/24/13
306,1469,Ad,F,15,Aporophyla lueneburgensis,Insecta,Lepidoptera,Noctuidae,no,no,38.5,44861,6/24/13
307,1477,Ad,F,19,Autographa gamma/ pulchrina,Insecta,Lepidoptera,Noctuidae,yes,yes,37.5,41557,6/24/13
308,1479,Ad,F,19,Autographa gamma/ pulchrina,Insecta,Lepidoptera,Noctuidae,yes,yes,37.5,43043,6/24/13
309,1479,Ad,F,76,Mythimna vitellina,Insecta,Lepidoptera,Noctuidae,no,yes,39.5,635,6/24/13
310,1536,Ad,F,79,Noctua pronuba/ janthe,Insecta,Lepidoptera,Noctuidae,yes,yes,38,26980,7/16/13
311,1536,Ad,F,89,Phlogophora meticulosa,Insecta,Lepidoptera,Noctuidae,yes,yes,48.5,7861,7/16/13
312,1536,Ad,F,19,Autographa gamma/ pulchrina,Insecta,Lepidoptera,Noctuidae,yes,yes,37.5,5066,7/16/13
313,1536,Ad,F,73,Mythimna albipuncta,Insecta,Lepidoptera,Noctuidae,no,yes,32.5,1325,7/16/13
314,1536,Ad,F,88,Peridroma saucia,Insecta,Lepidoptera,Noctuidae,yes,yes,50.5,865,7/16/13
315,1539,Ad,F,64,Hoplodrina ambigua/ superstes,Insecta,Lepidoptera,Noctuidae,no,no,31,22521,7/16/13
316,1539,Ad,F,88,Peridroma saucia,Insecta,Lepidoptera,Noctuidae,yes,yes,50.5,4522,7/16/13
317,1539,Ad,F,72,Mirificarma mulinella,Insecta,Lepidoptera,Gelechiidae,no,no,6.5,3576,7/16/13
318,1539,Ad,F,65,Hoplodrina octogenaria/ Caradrina flavirena/ Caradrina fuscicornis/ Caradrina  aspersa,Insecta,Lepidoptera,unclassified Lepidoptera,no,no,30.5,2445,7/16/13
319,1539,Ad,F,34,Chrysopidae sp. 1,Insecta,Neuroptera,Chrysopidae,no,no,na,825,7/16/13
320,1539,Ad,F,79,Noctua pronuba/ janthe,Insecta,Lepidoptera,Noctuidae,yes,yes,38,701,7/16/13
321,1552,Ad,F,89,Phlogophora meticulosa,Insecta,Lepidoptera,Noctuidae,yes,yes,48.5,41588,8/3/13
322,1567,Ad,F,77,Noctua comes,Insecta,Lepidoptera,Noctuidae,yes,no,41,39969,8/3/13
323,1567,Ad,F,76,Mythimna vitellina,Insecta,Lepidoptera,Noctuidae,no,yes,39.5,2984,8/3/13
324,1567,Ad,F,111,Uresiphita gilvata/ polygonalis,Insecta,Lepidoptera,Crambidae,no,yes,32,1721,8/3/13
325,1569,Ad,F,11,Agrotis segetum/ trux,Insecta,Lepidoptera,Noctuidae,yes,no,37,16188,8/3/13
326,1569,Ad,F,8,Agrotis ipsilon,Insecta,Lepidoptera,Noctuidae,yes,yes,47.5,10845,8/3/13
327,1569,Ad,F,77,Noctua comes,Insecta,Lepidoptera,Noctuidae,yes,no,41,647,8/3/13
328,1581,Ad,F,41,Crocidosema plebejana,Insecta,Lepidoptera,Tortricidae,no,no,14,36258,8/12/13
329,1582,Ad,F,19,Autographa gamma/ pulchrina,Insecta,Lepidoptera,Noctuidae,yes,yes,37.5,13096,8/12/13
330,1582,Ad,F,64,Hoplodrina ambigua/ superstes,Insecta,Lepidoptera,Noctuidae,no,no,31,6637,8/12/13
331,1582,Ad,F,30,Chloantha hyperici/ Helicoverpa armigera,Insecta,Lepidoptera,Noctuidae,yes,yes,35,3567,8/12/13
332,1630,Ad,F,88,Peridroma saucia,Insecta,Lepidoptera,Noctuidae,yes,yes,50.5,14176,9/3/13
333,1630,Ad,F,19,Autographa gamma/ pulchrina,Insecta,Lepidoptera,Noctuidae,yes,yes,37.5,9702,9/3/13
334,1630,Ad,F,89,Phlogophora meticulosa,Insecta,Lepidoptera,Noctuidae,yes,yes,48.5,7353,9/3/13
335,1630,Ad,F,76,Mythimna vitellina,Insecta,Lepidoptera,Noctuidae,no,yes,39.5,483,9/3/13
336,1670,Ad,F,59,Euxoa nigrofusca/obelisca,Insecta,Lepidoptera,Noctuidae,no,no,34,17304,9/5/13
337,1670,Ad,F,11,Agrotis segetum/ trux,Insecta,Lepidoptera,Noctuidae,yes,no,37,7955,9/5/13
338,1670,Ad,F,100,Synaphe punctalis,Insecta,Lepidoptera,Pyralidae,no,no,24.5,5010,9/5/13
339,1670,Ad,F,46,Cyclophora puppillaria,Insecta,Lepidoptera,Geometridae,yes,yes,32,3475,9/5/13
340,1670,Ad,F,19,Autographa gamma/ pulchrina,Insecta,Lepidoptera,Noctuidae,yes,yes,37.5,2611,9/5/13
341,1670,Ad,F,112,Wesmaelius subnebulosus,Insecta,Neuroptera,Hemerobiidae,no,no,na,2430,9/5/13
342,1670,Ad,F,17,Arthropoda sp.1,unclassified Arthropoda,unclassified Arthropoda,unclassified Arthropoda,no,no,na,1627,9/5/13
343,1670,Ad,F,96,Rhodometra sacraria,Insecta,Lepidoptera,Geometridae,no,yes,25,994,9/5/13
344,1674,Ad,F,19,Autographa gamma/ pulchrina,Insecta,Lepidoptera,Noctuidae,yes,yes,37.5,12800,9/5/13
345,1674,Ad,F,11,Agrotis segetum/ trux,Insecta,Lepidoptera,Noctuidae,yes,no,37,8788,9/5/13
346,1674,Ad,F,68,Idaea sardoniata,Insecta,Lepidoptera,Geometridae,no,no,na,5753,9/5/13
347,1674,Ad,F,79,Noctua pronuba/ janthe,Insecta,Lepidoptera,Noctuidae,yes,yes,38,1902,9/5/13
348,1674,Ad,F,21,Botyodes diniasalis,Insecta,Lepidoptera,Crambidae,yes,no,30,993,9/5/13
349,1674,Ad,F,5,Agonopterix thapsiella,Insecta,Lepidoptera,Depressariidae,no,no,na,738,9/5/13
350,1674,Ad,F,110,Tortrix viridana,Insecta,Lepidoptera,Tortricidae,yes,no,20.5,398,9/5/13
351,1674,Ad,F,88,Peridroma saucia,Insecta,Lepidoptera,Noctuidae,yes,yes,50.5,363,9/5/13
352,1678,Ad,F,19,Autographa gamma/ pulchrina,Insecta,Lepidoptera,Noctuidae,yes,yes,37.5,35563,9/5/13
353,1678,Ad,F,76,Mythimna vitellina,Insecta,Lepidoptera,Noctuidae,no,yes,39.5,2113,9/5/13
354,1679,Ad,F,11,Agrotis segetum/ trux,Insecta,Lepidoptera,Noctuidae,yes,no,37,23282,9/5/13
355,1679,Ad,F,77,Noctua comes,Insecta,Lepidoptera,Noctuidae,yes,no,41,4448,9/5/13
356,1679,Ad,F,105,Tipula oleracea,Insecta,Diptera,Tipulidae,no,no,na,2384,9/5/13
357,1679,Ad,F,92,Pseudenargia ulicis,Insecta,Lepidoptera,Noctuidae,no,no,42,839,9/5/13
358,1679,Ad,F,10,Agrotis puta,Insecta,Lepidoptera,Noctuidae,no,no,31,706,9/5/13
359,1706,Ad,M,98,Rhyacia simulans,Insecta,Lepidoptera,Noctuidae,no,yes,52.5,35204,9/15/13
360,1709,Juv,F,8,Agrotis ipsilon,Insecta,Lepidoptera,Noctuidae,yes,yes,47.5,11202,9/15/13
361,1709,Juv,F,11,Agrotis segetum/ trux,Insecta,Lepidoptera,Noctuidae,yes,no,37,8435,9/15/13
362,1709,Juv,F,19,Autographa gamma/ pulchrina,Insecta,Lepidoptera,Noctuidae,yes,yes,37.5,7456,9/15/13
363,1709,Juv,F,88,Peridroma saucia,Insecta,Lepidoptera,Noctuidae,yes,yes,50.5,7061,9/15/13
364,1709,Juv,F,79,Noctua pronuba/ janthe,Insecta,Lepidoptera,Noctuidae,yes,yes,38,5069,9/15/13
365,1710,Ad,M,65,Hoplodrina octogenaria/ Caradrina flavirena/ Caradrina fuscicornis/ Caradrina  aspersa,Insecta,Lepidoptera,unclassified Lepidoptera,no,no,30.5,13552,9/15/13
366,1710,Ad,M,23,Bryotropha terrella,Insecta,Lepidoptera,Gelechiidae,no,no,15,9859,9/15/13
367,1710,Ad,M,32,Chrysopa viridana,Insecta,Neuroptera,Chrysopidae,no,no,na,5673,9/15/13
368,1710,Ad,M,34,Chrysopidae sp. 1,Insecta,Neuroptera,Chrysopidae,no,no,na,2675,9/15/13
369,1710,Ad,M,1,Acrobasis bithynella,Insecta,Lepidoptera,Pyralidae,no,no,20,2472,9/15/13
370,1710,Ad,M,29,Caradrina morpheus/ Hypena sp./ Eupithecia sp.,Insecta,Lepidoptera,unclassified Lepidoptera,no,no,35,1031,9/15/13
371,1710,Ad,M,96,Rhodometra sacraria,Insecta,Lepidoptera,Geometridae,no,yes,25,675,9/15/13
372,1710,Ad,M,72,Mirificarma mulinella,Insecta,Lepidoptera,Gelechiidae,no,no,6.5,567,9/15/13
373,1710,Ad,M,61,Gymnoscelis rufifasciata,Insecta,Lepidoptera,Geometridae,yes,no,17,567,9/15/13
374,1712,Juv,M,89,Phlogophora meticulosa,Insecta,Lepidoptera,Noctuidae,yes,yes,48.5,135881,9/15/13
375,1712,Juv,M,11,Agrotis segetum/ trux,Insecta,Lepidoptera,Noctuidae,yes,no,37,21576,9/15/13
376,1712,Juv,M,64,Hoplodrina ambigua/ superstes,Insecta,Lepidoptera,Noctuidae,no,no,31,9788,9/15/13
377,1712,Juv,M,108,Trigonophora haasi,Insecta,Lepidoptera,Noctuidae,no,no,na,4543,9/15/13
378,1713,Juv,F,88,Peridroma saucia,Insecta,Lepidoptera,Noctuidae,yes,yes,50.5,17497,9/15/13
379,1713,Juv,F,11,Agrotis segetum/ trux,Insecta,Lepidoptera,Noctuidae,yes,no,37,1781,9/15/13
380,1718,Juv,M,96,Rhodometra sacraria,Insecta,Lepidoptera,Geometridae,no,yes,25,35664,9/15/13
381,1718,Juv,M,72,Mirificarma mulinella,Insecta,Lepidoptera,Gelechiidae,no,no,6.5,2244,9/15/13
382,1718,Juv,M,85,Onychora agaritharia,Insecta,Lepidoptera,Geometridae,no,no,na,774,9/15/13
383,1718,Juv,M,64,Hoplodrina ambigua/ superstes,Insecta,Lepidoptera,Noctuidae,no,no,31,552,9/15/13
384,1723,Ad,F,8,Agrotis ipsilon,Insecta,Lepidoptera,Noctuidae,yes,yes,47.5,33745,9/15/13
385,1723,Ad,F,11,Agrotis segetum/ trux,Insecta,Lepidoptera,Noctuidae,yes,no,37,3408,9/15/13
386,1723,Ad,F,19,Autographa gamma/ pulchrina,Insecta,Lepidoptera,Noctuidae,yes,yes,37.5,1801,9/15/13
387,1723,Ad,F,88,Peridroma saucia,Insecta,Lepidoptera,Noctuidae,yes,yes,50.5,1231,9/15/13
388,1726,Ad,M,84,Nysius graminicola,Insecta,Hemiptera,Lygaeidae,no,no,na,18877,9/15/13
389,1726,Ad,M,47,Cydia fagiglandana,Insecta,Lepidoptera,Tortricidae,no,no,14,11309,9/15/13
390,1727,Juv,M,96,Rhodometra sacraria,Insecta,Lepidoptera,Geometridae,no,yes,25,15737,9/17/13
391,1727,Juv,M,18,Aspitates ochrearia,Insecta,Lepidoptera,Geometridae,yes,no,29.5,2551,9/17/13
392,1727,Juv,M,110,Tortrix viridana,Insecta,Lepidoptera,Tortricidae,yes,no,20.5,1322,9/17/13
393,1727,Juv,M,25,Camptogramma bilineata,Insecta,Lepidoptera,Geometridae,no,no,22.5,949,9/17/13
394,1727,Juv,M,4,Agonopterix scopariella,Insecta,Lepidoptera,Depressariidae,no,no,20.5,532,9/17/13
395,1727,Juv,M,33,Chrysoperla lucasina/ carnea,Insecta,Neuroptera,Chrysopidae,no,no,na,269,9/17/13
396,1728,Juv,F,79,Noctua pronuba/ janthe,Insecta,Lepidoptera,Noctuidae,yes,yes,38,17565,9/17/13
397,1728,Juv,F,19,Autographa gamma/ pulchrina,Insecta,Lepidoptera,Noctuidae,yes,yes,37.5,3854,9/17/13
398,1728,Juv,F,76,Mythimna vitellina,Insecta,Lepidoptera,Noctuidae,no,yes,39.5,1355,9/17/13
399,1733,Juv,M,10,Agrotis puta,Insecta,Lepidoptera,Noctuidae,no,no,31,23012,9/17/13
400,1735,Juv,M,102,Thalpophila vitalba,Insecta,Lepidoptera,Noctuidae,yes,no,42,10379,9/17/13
401,1735,Juv,M,64,Hoplodrina ambigua/ superstes,Insecta,Lepidoptera,Noctuidae,no,no,31,6238,9/17/13
402,1735,Juv,M,71,Leucochlaena oditis,Insecta,Lepidoptera,Noctuidae,no,no,32,5582,9/17/13
403,1735,Juv,M,76,Mythimna vitellina,Insecta,Lepidoptera,Noctuidae,no,yes,39.5,2465,9/17/13
404,1735,Juv,M,74,Mythimna unipuncta/ Leucania zeae,Insecta,Lepidoptera,Noctuidae,yes,yes,44.5,2106,9/17/13
405,1735,Juv,M,29,Caradrina morpheus/ Hypena sp./ Eupithecia sp.,Insecta,Lepidoptera,unclassified Lepidoptera,no,no,35,712,9/17/13
406,1735,Juv,M,11,Agrotis segetum/ trux,Insecta,Lepidoptera,Noctuidae,yes,no,37,560,9/17/13
407,1736,Juv,F,72,Mirificarma mulinella,Insecta,Lepidoptera,Gelechiidae,no,no,6.5,16149,9/17/13
408,1736,Juv,F,40,Crocallis dardoinaria,Insecta,Lepidoptera,Geometridae,no,no,49,7889,9/17/13
409,1736,Juv,F,18,Aspitates ochrearia,Insecta,Lepidoptera,Geometridae,yes,no,29.5,7713,9/17/13
410,1736,Juv,F,96,Rhodometra sacraria,Insecta,Lepidoptera,Geometridae,no,yes,25,422,9/17/13
411,1737,Juv,F,25,Camptogramma bilineata,Insecta,Lepidoptera,Geometridae,no,no,22.5,19472,9/17/13
412,1737,Juv,F,84,Nysius graminicola,Insecta,Hemiptera,Lygaeidae,no,no,na,2151,9/17/13
413,1737,Juv,F,96,Rhodometra sacraria,Insecta,Lepidoptera,Geometridae,no,yes,25,587,9/17/13
414,1737,Juv,F,101,Teleiopsis diffinis/ bagriotella/ Eupithecia sp.,Insecta,Lepidoptera,Gelechiidae/ Geometridae,no,no,17.5,411,9/17/13
415,1738,Juv,F,88,Peridroma saucia,Insecta,Lepidoptera,Noctuidae,yes,yes,50.5,22715,9/17/13
416,1741,Juv,M,64,Hoplodrina ambigua/ superstes,Insecta,Lepidoptera,Noctuidae,no,no,31,17682,9/17/13
417,1741,Juv,M,88,Peridroma saucia,Insecta,Lepidoptera,Noctuidae,yes,yes,50.5,3968,9/17/13
418,1741,Juv,M,4,Agonopterix scopariella,Insecta,Lepidoptera,Depressariidae,no,no,20.5,2741,9/17/13
419,1741,Juv,M,110,Tortrix viridana,Insecta,Lepidoptera,Tortricidae,yes,no,20.5,2019,9/17/13
420,1741,Juv,M,11,Agrotis segetum/ trux,Insecta,Lepidoptera,Noctuidae,yes,no,37,796,9/17/13
421,1741,Juv,M,76,Mythimna vitellina,Insecta,Lepidoptera,Noctuidae,no,yes,39.5,580,9/17/13
422,1741,Juv,M,29,Caradrina morpheus/ Hypena sp./ Eupithecia sp.,Insecta,Lepidoptera,unclassified Lepidoptera,no,no,35,314,9/17/13
423,1743,Juv,F,65,Hoplodrina octogenaria/ Caradrina flavirena/ Caradrina fuscicornis/ Caradrina  aspersa,Insecta,Lepidoptera,unclassified Lepidoptera,no,no,30.5,14811,9/17/13
424,1743,Juv,F,10,Agrotis puta,Insecta,Lepidoptera,Noctuidae,no,no,31,2932,9/17/13
425,1743,Juv,F,9,Agrotis lata,Insecta,Lepidoptera,Noctuidae,no,no,40,664,9/17/13
426,1743,Juv,F,28,Caradrina morpheus/ Carpatolechia sp./ Lacanobia contigua,Insecta,Lepidoptera,Noctuidae/ Gelechiidae/ Noctuidae,no,no,37,616,9/17/13
427,1743,Juv,F,18,Aspitates ochrearia,Insecta,Lepidoptera,Geometridae,yes,no,29.5,250,9/17/13
428,1744,Juv,M,72,Mirificarma mulinella,Insecta,Lepidoptera,Gelechiidae,no,no,6.5,9815,9/17/13
429,1744,Juv,M,105,Tipula oleracea,Insecta,Diptera,Tipulidae,no,no,na,8086,9/17/13
430,1744,Juv,M,61,Gymnoscelis rufifasciata,Insecta,Lepidoptera,Geometridae,yes,no,17,565,9/17/13
431,1744,Juv,M,10,Agrotis puta,Insecta,Lepidoptera,Noctuidae,no,no,31,536,9/17/13
432,1744,Juv,M,66,Idaea degeneraria,Insecta,Lepidoptera,Geometridae,no,no,28.5,408,9/17/13
433,1747,Juv,M,96,Rhodometra sacraria,Insecta,Lepidoptera,Geometridae,no,yes,25,16614,9/18/13
434,1747,Juv,M,81,Nomophila noctuella,Insecta,Lepidoptera,Crambidae,yes,yes,29,8762,9/18/13
435,1747,Juv,M,64,Hoplodrina ambigua/ superstes,Insecta,Lepidoptera,Noctuidae,no,no,31,4737,9/18/13
436,1747,Juv,M,10,Agrotis puta,Insecta,Lepidoptera,Noctuidae,no,no,31,2065,9/18/13
437,1747,Juv,M,76,Mythimna vitellina,Insecta,Lepidoptera,Noctuidae,no,yes,39.5,1754,9/18/13
438,1747,Juv,M,110,Tortrix viridana,Insecta,Lepidoptera,Tortricidae,yes,no,20.5,1235,9/18/13
439,1747,Juv,M,11,Agrotis segetum/ trux,Insecta,Lepidoptera,Noctuidae,yes,no,37,1095,9/18/13
440,1747,Juv,M,78,Noctua orbona,Insecta,Lepidoptera,Noctuidae,no,no,41.5,561,9/18/13
441,1747,Juv,M,31,Chloantha hyperici/ Helicoverpa armigera/ Palpita vitrealis,Insecta,Lepidoptera,Noctuidae/ Crambidae,yes,yes,33.5,539,9/18/13
442,1749,Juv,M,96,Rhodometra sacraria,Insecta,Lepidoptera,Geometridae,no,yes,25,14283,9/18/13
443,1749,Juv,M,81,Nomophila noctuella,Insecta,Lepidoptera,Crambidae,yes,yes,29,7427,9/18/13
444,1749,Juv,M,64,Hoplodrina ambigua/ superstes,Insecta,Lepidoptera,Noctuidae,no,no,31,3928,9/18/13
445,1749,Juv,M,10,Agrotis puta,Insecta,Lepidoptera,Noctuidae,no,no,31,1645,9/18/13
446,1749,Juv,M,76,Mythimna vitellina,Insecta,Lepidoptera,Noctuidae,no,yes,39.5,1531,9/18/13
447,1749,Juv,M,110,Tortrix viridana,Insecta,Lepidoptera,Tortricidae,yes,no,20.5,1017,9/18/13
448,1749,Juv,M,11,Agrotis segetum/ trux,Insecta,Lepidoptera,Noctuidae,yes,no,37,975,9/18/13
449,1749,Juv,M,78,Noctua orbona,Insecta,Lepidoptera,Noctuidae,no,no,41.5,516,9/18/13
450,1749,Juv,M,31,Chloantha hyperici/ Helicoverpa armigera/ Palpita vitrealis,Insecta,Lepidoptera,Noctuidae/ Crambidae,yes,yes,33.5,469,9/18/13
451,1750,Juv,M,88,Peridroma saucia,Insecta,Lepidoptera,Noctuidae,yes,yes,50.5,13848,9/18/13
452,1750,Juv,M,73,Mythimna albipuncta,Insecta,Lepidoptera,Noctuidae,no,yes,32.5,5858,9/18/13
453,1750,Juv,M,76,Mythimna vitellina,Insecta,Lepidoptera,Noctuidae,no,yes,39.5,728,9/18/13
454,1751,Juv,M,19,Autographa gamma/ pulchrina,Insecta,Lepidoptera,Noctuidae,yes,yes,37.5,20695,9/18/13
455,1751,Juv,M,64,Hoplodrina ambigua/ superstes,Insecta,Lepidoptera,Noctuidae,no,no,31,593,9/18/13
456,1790,Juv,F,19,Autographa gamma/ pulchrina,Insecta,Lepidoptera,Noctuidae,yes,yes,37.5,25225,9/22/13
457,1790,Juv,F,8,Agrotis ipsilon,Insecta,Lepidoptera,Noctuidae,yes,yes,47.5,13217,9/22/13
458,1790,Juv,F,79,Noctua pronuba/ janthe,Insecta,Lepidoptera,Noctuidae,yes,yes,38,2203,9/22/13
459,1790,Juv,F,67,Idaea laevigata,Insecta,Lepidoptera,Geometridae,no,no,20,648,9/22/13
460,1792,Juv,M,45,Curculio elephas,Insecta,Coleoptera,Curculionidae,no,no,na,21389,9/22/13
461,1792,Juv,M,19,Autographa gamma/ pulchrina,Insecta,Lepidoptera,Noctuidae,yes,yes,37.5,17155,9/22/13
462,1792,Juv,M,64,Hoplodrina ambigua/ superstes,Insecta,Lepidoptera,Noctuidae,no,no,31,4462,9/22/13
463,1792,Juv,M,48,Cydia pomonella,Insecta,Lepidoptera,Tortricidae,no,no,18,3395,9/22/13
464,1792,Juv,M,34,Chrysopidae sp. 1,Insecta,Neuroptera,Chrysopidae,no,no,na,3249,9/22/13
465,1792,Juv,M,105,Tipula oleracea,Insecta,Diptera,Tipulidae,no,no,na,2390,9/22/13
466,1792,Juv,M,79,Noctua pronuba/ janthe,Insecta,Lepidoptera,Noctuidae,yes,yes,38,1437,9/22/13
467,1792,Juv,M,94,Pyralis farinalis,Insecta,Lepidoptera,Pyralidae,yes,no,24,1353,9/22/13
468,1792,Juv,M,2,Acrobasis obliqua,Insecta,Lepidoptera,Pyralidae,no,no,na,937,9/22/13
469,1792,Juv,M,65,Hoplodrina octogenaria/ Caradrina flavirena/ Caradrina fuscicornis/ Caradrina  aspersa,Insecta,Lepidoptera,unclassified Lepidoptera,no,no,30.5,867,9/22/13
470,1797,Ad,M,18,Aspitates ochrearia,Insecta,Lepidoptera,Geometridae,yes,no,29.5,23318,9/22/13
471,1797,Ad,M,10,Agrotis puta,Insecta,Lepidoptera,Noctuidae,no,no,31,9515,9/22/13
472,1797,Ad,M,11,Agrotis segetum/ trux,Insecta,Lepidoptera,Noctuidae,yes,no,37,3022,9/22/13
473,1801,Juv,F,10,Agrotis puta,Insecta,Lepidoptera,Noctuidae,no,no,31,35124,9/22/13
474,1801,Juv,F,93,Psorosa nucleolella*,Insecta,Lepidoptera,Pyralidae,no,no,na,12946,9/22/13
475,1801,Juv,F,96,Rhodometra sacraria,Insecta,Lepidoptera,Geometridae,no,yes,25,3115,9/22/13
476,1801,Juv,F,14,Anomis cataggelus*,Insecta,Lepidoptera,Erebidae,no,no,na,2969,9/22/13
477,1801,Juv,F,35,Chrysopidae sp. 2,Insecta,Neuroptera,Chrysopidae,no,no,na,1302,9/22/13
478,1801,Juv,F,66,Idaea degeneraria,Insecta,Lepidoptera,Geometridae,no,no,28.5,669,9/22/13
479,1807,Ad,F,110,Tortrix viridana,Insecta,Lepidoptera,Tortricidae,yes,no,20.5,14732,9/22/13
480,1807,Ad,F,19,Autographa gamma/ pulchrina,Insecta,Lepidoptera,Noctuidae,yes,yes,37.5,7483,9/22/13
481,1807,Ad,F,21,Botyodes diniasalis,Insecta,Lepidoptera,Crambidae,yes,no,30,3074,9/22/13
482,1807,Ad,F,4,Agonopterix scopariella,Insecta,Lepidoptera,Depressariidae,no,no,20.5,2289,9/22/13
483,1807,Ad,F,11,Agrotis segetum/ trux,Insecta,Lepidoptera,Noctuidae,yes,no,37,1853,9/22/13
484,1807,Ad,F,95,Pyrausta aurata,Insecta,Lepidoptera,Crambidae,no,no,12.5,1843,9/22/13
485,1807,Ad,F,88,Peridroma saucia,Insecta,Lepidoptera,Noctuidae,yes,yes,50.5,1213,9/22/13
486,1813,Juv,M,96,Rhodometra sacraria,Insecta,Lepidoptera,Geometridae,no,yes,25,24889,9/22/13
487,1813,Juv,M,88,Peridroma saucia,Insecta,Lepidoptera,Noctuidae,yes,yes,50.5,13076,9/22/13
488,1813,Juv,M,110,Tortrix viridana,Insecta,Lepidoptera,Tortricidae,yes,no,20.5,745,9/22/13
489,1813,Juv,M,81,Nomophila noctuella,Insecta,Lepidoptera,Crambidae,yes,yes,29,444,9/22/13
490,1814,Juv,M,96,Rhodometra sacraria,Insecta,Lepidoptera,Geometridae,no,yes,25,23707,9/22/13
491,1814,Juv,M,88,Peridroma saucia,Insecta,Lepidoptera,Noctuidae,yes,yes,50.5,12265,9/22/13
492,1814,Juv,M,110,Tortrix viridana,Insecta,Lepidoptera,Tortricidae,yes,no,20.5,672,9/22/13
493,1814,Juv,M,81,Nomophila noctuella,Insecta,Lepidoptera,Crambidae,yes,yes,29,412,9/22/13
494,1815,Ad,M,10,Agrotis puta,Insecta,Lepidoptera,Noctuidae,no,no,31,33145,9/22/13
495,1815,Ad,M,65,Hoplodrina octogenaria/ Caradrina flavirena/ Caradrina fuscicornis/ Caradrina  aspersa,Insecta,Lepidoptera,unclassified Lepidoptera,no,no,30.5,516,9/22/13
496,1829,Ad,F,19,Autographa gamma/ pulchrina,Insecta,Lepidoptera,Noctuidae,yes,yes,37.5,27084,9/24/13
497,1829,Ad,F,10,Agrotis puta,Insecta,Lepidoptera,Noctuidae,no,no,31,332,9/24/13
498,1839,Ad,F,34,Chrysopidae sp. 1,Insecta,Neuroptera,Chrysopidae,no,no,na,24704,9/24/13
499,1839,Ad,F,21,Botyodes diniasalis,Insecta,Lepidoptera,Crambidae,yes,no,30,355,9/24/13
500,1844,Ad,F,73,Mythimna albipuncta,Insecta,Lepidoptera,Noctuidae,no,yes,32.5,13238,9/24/13
501,1844,Ad,F,37,Cnephasia alfacarana,Insecta,Lepidoptera,Tortricidae,no,no,19,13124,9/24/13
502,1844,Ad,F,104,Tipula invenusta,Insecta,Diptera,Tipulidae,no,no,na,5357,9/24/13
503,1844,Ad,F,103,Insecta sp. 2,Insecta,unclassified Insecta,unclassified Insecta,no,no,na,2906,9/24/13
504,1844,Ad,F,58,Eupithecia oxycedrata/ rosmarinata/ Cucullia sp.,Insecta,Lepidoptera,unclassified Lepidoptera,no,no,17.75,1993,9/24/13
505,1844,Ad,F,65,Hoplodrina octogenaria/ Caradrina flavirena/ Caradrina fuscicornis/ Caradrina  aspersa,Insecta,Lepidoptera,unclassified Lepidoptera,no,no,30.5,1459,9/24/13
506,1845,Ad,F,11,Agrotis segetum/ trux,Insecta,Lepidoptera,Noctuidae,yes,no,37,15571,9/24/13
507,1845,Ad,F,96,Rhodometra sacraria,Insecta,Lepidoptera,Geometridae,no,yes,25,5507,9/24/13
508,1845,Ad,F,7,Agrochola lunosa,Insecta,Lepidoptera,Noctuidae,no,no,35,4214,9/24/13
509,1845,Ad,F,64,Hoplodrina ambigua/ superstes,Insecta,Lepidoptera,Noctuidae,no,no,31,3130,9/24/13
510,1845,Ad,F,72,Mirificarma mulinella,Insecta,Lepidoptera,Gelechiidae,no,no,6.5,1986,9/24/13
511,1886,Ad,M,64,Hoplodrina ambigua/ superstes,Insecta,Lepidoptera,Noctuidae,no,no,31,18360,10/8/13
512,1886,Ad,M,78,Noctua orbona,Insecta,Lepidoptera,Noctuidae,no,no,41.5,12258,10/8/13
513,1886,Ad,M,11,Agrotis segetum/ trux,Insecta,Lepidoptera,Noctuidae,yes,no,37,2340,10/8/13
514,1886,Ad,M,26,Caradrina clavipalpis/ selinis,Insecta,Lepidoptera,Noctuidae,yes,no,30,918,10/8/13
515,1886,Ad,M,46,Cyclophora puppillaria,Insecta,Lepidoptera,Geometridae,yes,yes,32,550,10/8/13
516,1887,Juv,M,105,Tipula oleracea,Insecta,Diptera,Tipulidae,no,no,na,19273,10/8/13
517,1887,Juv,M,10,Agrotis puta,Insecta,Lepidoptera,Noctuidae,no,no,31,3340,10/8/13
518,1887,Juv,M,73,Mythimna albipuncta,Insecta,Lepidoptera,Noctuidae,no,yes,32.5,1152,10/8/13
519,1887,Juv,M,76,Mythimna vitellina,Insecta,Lepidoptera,Noctuidae,no,yes,39.5,947,10/8/13
520,1887,Juv,M,18,Aspitates ochrearia,Insecta,Lepidoptera,Geometridae,yes,no,29.5,300,10/8/13
521,1889,Juv,M,19,Autographa gamma/ pulchrina,Insecta,Lepidoptera,Noctuidae,yes,yes,37.5,22770,10/8/13
522,1892,Ad,M,105,Tipula oleracea,Insecta,Diptera,Tipulidae,no,no,na,13338,10/8/13
523,1892,Ad,M,81,Nomophila noctuella,Insecta,Lepidoptera,Crambidae,yes,yes,29,5139,10/8/13
524,1892,Ad,M,64,Hoplodrina ambigua/ superstes,Insecta,Lepidoptera,Noctuidae,no,no,31,4174,10/8/13
525,1892,Ad,M,96,Rhodometra sacraria,Insecta,Lepidoptera,Geometridae,no,yes,25,2859,10/8/13
526,1892,Ad,M,75,Mythimna riparia,Insecta,Lepidoptera,Noctuidae,no,no,na,2037,10/8/13
527,1892,Ad,M,11,Agrotis segetum/ trux,Insecta,Lepidoptera,Noctuidae,yes,no,37,1503,10/8/13
528,1892,Ad,M,110,Tortrix viridana,Insecta,Lepidoptera,Tortricidae,yes,no,20.5,410,10/8/13
529,1900,Juv,M,11,Agrotis segetum/ trux,Insecta,Lepidoptera,Noctuidae,yes,no,37,11418,10/8/13
530,1900,Juv,M,19,Autographa gamma/ pulchrina,Insecta,Lepidoptera,Noctuidae,yes,yes,37.5,4966,10/8/13
531,1900,Juv,M,67,Idaea laevigata,Insecta,Lepidoptera,Geometridae,no,no,20,502,10/8/13
532,1900,Juv,M,8,Agrotis ipsilon,Insecta,Lepidoptera,Noctuidae,yes,yes,47.5,255,10/8/13
533,1906,Juv,F,11,Agrotis segetum/ trux,Insecta,Lepidoptera,Noctuidae,yes,no,37,23218,10/8/13
534,1906,Juv,F,8,Agrotis ipsilon,Insecta,Lepidoptera,Noctuidae,yes,yes,47.5,3119,10/8/13
535,1906,Juv,F,19,Autographa gamma/ pulchrina,Insecta,Lepidoptera,Noctuidae,yes,yes,37.5,2404,10/8/13
536,1907,Juv,M,79,Noctua pronuba/ janthe,Insecta,Lepidoptera,Noctuidae,yes,yes,38,28330,10/8/13
537,1907,Juv,M,11,Agrotis segetum/ trux,Insecta,Lepidoptera,Noctuidae,yes,no,37,373,10/8/13
538,1921,Ad,M,10,Agrotis puta,Insecta,Lepidoptera,Noctuidae,no,no,31,24908,10/10/13
539,1921,Ad,M,64,Hoplodrina ambigua/ superstes,Insecta,Lepidoptera,Noctuidae,no,no,31,814,10/10/13
540,1921,Ad,M,78,Noctua orbona,Insecta,Lepidoptera,Noctuidae,no,no,41.5,465,10/10/13
541,1922,Ad,F,11,Agrotis segetum/ trux,Insecta,Lepidoptera,Noctuidae,yes,no,37,9992,10/10/13
542,1922,Ad,F,88,Peridroma saucia,Insecta,Lepidoptera,Noctuidae,yes,yes,50.5,7435,10/10/13
543,1922,Ad,F,70,Leucania loreyi,Insecta,Lepidoptera,Noctuidae,yes,yes,39,6821,10/10/13
544,1922,Ad,F,19,Autographa gamma/ pulchrina,Insecta,Lepidoptera,Noctuidae,yes,yes,37.5,6483,10/10/13
545,1922,Ad,F,8,Agrotis ipsilon,Insecta,Lepidoptera,Noctuidae,yes,yes,47.5,6481,10/10/13
546,1922,Ad,F,73,Mythimna albipuncta,Insecta,Lepidoptera,Noctuidae,no,yes,32.5,1181,10/10/13
547,1922,Ad,F,76,Mythimna vitellina,Insecta,Lepidoptera,Noctuidae,no,yes,39.5,859,10/10/13
548,1925,Juv,F,96,Rhodometra sacraria,Insecta,Lepidoptera,Geometridae,no,yes,25,45264,10/10/13
549,1928,Juv,M,6,Agriphila geniculea,Insecta,Lepidoptera,Crambidae,no,no,23,14488,10/10/13
550,1928,Juv,M,76,Mythimna vitellina,Insecta,Lepidoptera,Noctuidae,no,yes,39.5,6126,10/10/13
551,1928,Juv,M,11,Agrotis segetum/ trux,Insecta,Lepidoptera,Noctuidae,yes,no,37,2087,10/10/13
552,1928,Juv,M,73,Mythimna albipuncta,Insecta,Lepidoptera,Noctuidae,no,yes,32.5,384,10/10/13
553,1930,Ad,F,8,Agrotis ipsilon,Insecta,Lepidoptera,Noctuidae,yes,yes,47.5,33053,10/10/13
554,1930,Ad,F,11,Agrotis segetum/ trux,Insecta,Lepidoptera,Noctuidae,yes,no,37,7094,10/10/13
555,1930,Ad,F,62,Heliothis peltigera,Insecta,Lepidoptera,Noctuidae,no,yes,38,838,10/10/13
556,1933,Ad,M,21,Botyodes diniasalis,Insecta,Lepidoptera,Crambidae,yes,no,30,23007,10/10/13
557,1933,Ad,M,96,Rhodometra sacraria,Insecta,Lepidoptera,Geometridae,no,yes,25,3221,10/10/13
558,1933,Ad,M,81,Nomophila noctuella,Insecta,Lepidoptera,Crambidae,yes,yes,29,3138,10/10/13
559,1933,Ad,M,34,Chrysopidae sp. 1,Insecta,Neuroptera,Chrysopidae,no,no,na,1121,10/10/13
560,1933,Ad,M,112,Wesmaelius subnebulosus,Insecta,Neuroptera,Hemerobiidae,no,no,na,463,10/10/13
561,1933,Ad,M,82,Nycteola revayana,Insecta,Lepidoptera,Nolidae,yes,no,22.5,363,10/10/13
562,1934,Ad,M,96,Rhodometra sacraria,Insecta,Lepidoptera,Geometridae,no,yes,25,45937,10/10/13
563,1934,Ad,M,102,Thalpophila vitalba,Insecta,Lepidoptera,Noctuidae,yes,no,42,1099,10/10/13
564,1935,Ad,F,19,Autographa gamma/ pulchrina,Insecta,Lepidoptera,Noctuidae,yes,yes,37.5,42211,10/10/13
565,1937,Juv,F,11,Agrotis segetum/ trux,Insecta,Lepidoptera,Noctuidae,yes,no,37,21467,10/10/13
566,1937,Juv,F,77,Noctua comes,Insecta,Lepidoptera,Noctuidae,yes,no,41,12923,10/10/13
567,1937,Juv,F,64,Hoplodrina ambigua/ superstes,Insecta,Lepidoptera,Noctuidae,no,no,31,7777,10/10/13
568,1937,Juv,F,115,Xestia sexstrigata,Insecta,Lepidoptera,Noctuidae,no,no,37,537,10/10/13
569,1939,Ad,M,76,Mythimna vitellina,Insecta,Lepidoptera,Noctuidae,no,yes,39.5,21468,10/10/13
570,1939,Ad,M,89,Phlogophora meticulosa,Insecta,Lepidoptera,Noctuidae,yes,yes,48.5,913,10/10/13
571,1939,Ad,M,19,Autographa gamma/ pulchrina,Insecta,Lepidoptera,Noctuidae,yes,yes,37.5,858,10/10/13
572,1939,Ad,M,88,Peridroma saucia,Insecta,Lepidoptera,Noctuidae,yes,yes,50.5,652,10/10/13
573,1940,Juv,F,17,Arthropoda sp.1,unclassified Arthropoda,unclassified Arthropoda,unclassified Arthropoda,no,no,na,14009,10/10/13
574,1940,Juv,F,96,Rhodometra sacraria,Insecta,Lepidoptera,Geometridae,no,yes,25,7793,10/10/13
575,1940,Juv,F,11,Agrotis segetum/ trux,Insecta,Lepidoptera,Noctuidae,yes,no,37,5715,10/10/13
576,1940,Juv,F,101,Teleiopsis diffinis/ bagriotella/ Eupithecia sp.,Insecta,Lepidoptera,Gelechiidae/ Geometridae,no,no,17.5,1051,10/10/13
577,1940,Juv,F,81,Nomophila noctuella,Insecta,Lepidoptera,Crambidae,yes,yes,29,661,10/10/13
578,1943,Ad,F,96,Rhodometra sacraria,Insecta,Lepidoptera,Geometridae,no,yes,25,28243,10/10/13
579,1943,Ad,F,66,Idaea degeneraria,Insecta,Lepidoptera,Geometridae,no,no,28.5,6219,10/10/13
580,1943,Ad,F,1,Acrobasis bithynella,Insecta,Lepidoptera,Pyralidae,no,no,20,1637,10/10/13
581,1943,Ad,F,76,Mythimna vitellina,Insecta,Lepidoptera,Noctuidae,no,yes,39.5,1292,10/10/13
582,1943,Ad,F,72,Mirificarma mulinella,Insecta,Lepidoptera,Gelechiidae,no,no,6.5,1271,10/10/13
583,1943,Ad,F,64,Hoplodrina ambigua/ superstes,Insecta,Lepidoptera,Noctuidae,no,no,31,1216,10/10/13
584,1943,Ad,F,43,Culiseta annulata/ subochrea,Insecta,Diptera,Culicidae,no,no,na,938,10/10/13
585,1943,Ad,F,32,Chrysopa viridana,Insecta,Neuroptera,Chrysopidae,no,no,na,805,10/10/13
586,1944,Juv,M,11,Agrotis segetum/ trux,Insecta,Lepidoptera,Noctuidae,yes,no,37,32822,10/10/13
587,1944,Juv,M,111,Uresiphita gilvata/ polygonalis,Insecta,Lepidoptera,Crambidae,no,yes,32,2090,10/10/13
588,1944,Juv,M,16,Aporophyla nigra,Insecta,Lepidoptera,Noctuidae,no,no,44,1620,10/10/13
589,1944,Juv,M,27,Caradrina morpheus,Insecta,Lepidoptera,Noctuidae,no,no,35,699,10/10/13
590,1946,Juv,F,11,Agrotis segetum/ trux,Insecta,Lepidoptera,Noctuidae,yes,no,37,24300,10/10/13
591,1946,Juv,F,88,Peridroma saucia,Insecta,Lepidoptera,Noctuidae,yes,yes,50.5,11619,10/10/13
592,1946,Juv,F,76,Mythimna vitellina,Insecta,Lepidoptera,Noctuidae,no,yes,39.5,2990,10/10/13
593,1946,Juv,F,105,Tipula oleracea,Insecta,Diptera,Tipulidae,no,no,na,2506,10/10/13
594,1946,Juv,F,81,Nomophila noctuella,Insecta,Lepidoptera,Crambidae,yes,yes,29,2154,10/10/13
595,1946,Juv,F,8,Agrotis ipsilon,Insecta,Lepidoptera,Noctuidae,yes,yes,47.5,961,10/10/13
596,1946,Juv,F,64,Hoplodrina ambigua/ superstes,Insecta,Lepidoptera,Noctuidae,no,no,31,807,10/10/13
597,1947,Juv,M,114,Xestia c-nigrum,Insecta,Lepidoptera,Noctuidae,yes,yes,40,13445,10/10/13
598,1947,Juv,M,96,Rhodometra sacraria,Insecta,Lepidoptera,Geometridae,no,yes,25,6212,10/10/13
599,1947,Juv,M,64,Hoplodrina ambigua/ superstes,Insecta,Lepidoptera,Noctuidae,no,no,31,4598,10/10/13
600,1947,Juv,M,112,Wesmaelius subnebulosus,Insecta,Neuroptera,Hemerobiidae,no,no,na,1166,10/10/13
601,1947,Juv,M,17,Arthropoda sp.1,unclassified Arthropoda,unclassified Arthropoda,unclassified Arthropoda,no,no,na,882,10/10/13
602,1947,Juv,M,10,Agrotis puta,Insecta,Lepidoptera,Noctuidae,no,no,31,773,10/10/13
603,1952,Juv,M,72,Mirificarma mulinella,Insecta,Lepidoptera,Gelechiidae,no,no,6.5,21188,10/10/13
604,1952,Juv,M,96,Rhodometra sacraria,Insecta,Lepidoptera,Geometridae,no,yes,25,2378,10/10/13
605,1952,Juv,M,1,Acrobasis bithynella,Insecta,Lepidoptera,Pyralidae,no,no,20,1003,10/10/13
606,1952,Juv,M,32,Chrysopa viridana,Insecta,Neuroptera,Chrysopidae,no,no,na,889,10/10/13
607,1958,Ad,M,53,Eublemma ostrina,Insecta,Lepidoptera,Erebidae,no,yes,21.5,38078,10/10/13
608,1958,Ad,M,96,Rhodometra sacraria,Insecta,Lepidoptera,Geometridae,no,yes,25,2012,10/10/13
609,1958,Ad,M,84,Nysius graminicola,Insecta,Hemiptera,Lygaeidae,no,no,na,947,10/10/13
610,1958,Ad,M,1,Acrobasis bithynella,Insecta,Lepidoptera,Pyralidae,no,no,20,493,10/10/13
611,1976,Ad,M,11,Agrotis segetum/ trux,Insecta,Lepidoptera,Noctuidae,yes,no,37,15174,10/16/13
612,1976,Ad,M,12,Anarta trifolii/ Plemyria rubiginata/ Choristoneura hebenstreitella,Insecta,Lepidoptera,Noctuidae / Geometridae / Tortricidae,yes,yes,29,5701,10/16/13
613,1976,Ad,M,8,Agrotis ipsilon,Insecta,Lepidoptera,Noctuidae,yes,yes,47.5,3550,10/16/13
614,1976,Ad,M,70,Leucania loreyi,Insecta,Lepidoptera,Noctuidae,yes,yes,39,2884,10/16/13
615,1976,Ad,M,19,Autographa gamma/ pulchrina,Insecta,Lepidoptera,Noctuidae,yes,yes,37.5,2263,10/16/13
616,1976,Ad,M,79,Noctua pronuba/ janthe,Insecta,Lepidoptera,Noctuidae,yes,yes,38,584,10/16/13
617,1976,Ad,M,7,Agrochola lunosa,Insecta,Lepidoptera,Noctuidae,no,no,35,467,10/16/13
618,1978,Ad,F,19,Autographa gamma/ pulchrina,Insecta,Lepidoptera,Noctuidae,yes,yes,37.5,36709,10/16/13
619,1978,Ad,F,89,Phlogophora meticulosa,Insecta,Lepidoptera,Noctuidae,yes,yes,48.5,1423,10/16/13
620,1979,Ad,M,72,Mirificarma mulinella,Insecta,Lepidoptera,Gelechiidae,no,no,6.5,14546,10/16/13
621,1979,Ad,M,40,Crocallis dardoinaria,Insecta,Lepidoptera,Geometridae,no,no,49,9288,10/16/13
622,1979,Ad,M,18,Aspitates ochrearia,Insecta,Lepidoptera,Geometridae,yes,no,29.5,7698,10/16/13
623,1979,Ad,M,96,Rhodometra sacraria,Insecta,Lepidoptera,Geometridae,no,yes,25,955,10/16/13
624,1984,Ad,F,88,Peridroma saucia,Insecta,Lepidoptera,Noctuidae,yes,yes,50.5,17462,10/16/13
625,1984,Ad,F,11,Agrotis segetum/ trux,Insecta,Lepidoptera,Noctuidae,yes,no,37,12658,10/16/13
626,1984,Ad,F,8,Agrotis ipsilon,Insecta,Lepidoptera,Noctuidae,yes,yes,47.5,7745,10/16/13
627,1984,Ad,F,110,Tortrix viridana,Insecta,Lepidoptera,Tortricidae,yes,no,20.5,683,10/16/13
628,1984,Ad,F,81,Nomophila noctuella,Insecta,Lepidoptera,Crambidae,yes,yes,29,541,10/16/13
629,1985,Ad,M,18,Aspitates ochrearia,Insecta,Lepidoptera,Geometridae,yes,no,29.5,17686,10/16/13
630,1985,Ad,M,96,Rhodometra sacraria,Insecta,Lepidoptera,Geometridae,no,yes,25,6334,10/16/13
631,1985,Ad,M,49,Diptera sp.,Insecta,Diptera,unclassified Diptera,no,no,na,2280,10/16/13
632,1985,Ad,M,29,Caradrina morpheus/ Hypena sp./ Eupithecia sp.,Insecta,Lepidoptera,unclassified Lepidoptera,no,no,35,1162,10/16/13
633,1985,Ad,M,32,Chrysopa viridana,Insecta,Neuroptera,Chrysopidae,no,no,na,654,10/16/13
